base_accounts,base_proof_leaves,distribution,mode,updates,checkpoints,round,iterations,copy_wall_us_per_checkpoint,copy_cpu_us_per_checkpoint,proof_wall_us_per_checkpoint,proof_cpu_us_per_checkpoint,trial_wall_us_per_checkpoint,trial_cpu_us_per_checkpoint
4096,64,uniform,foreign_usage,8,1,0,7,1.131,1.857,2160.357,2159.857,2161.489,2161.714
4096,64,uniform,foreign_usage,8,1,1,7,1.417,2.286,2286.735,2287.571,2288.152,2289.857
4096,64,uniform,foreign_usage,8,1,2,7,1.093,1.714,2159.343,2160.286,2160.436,2162.000
4096,64,uniform,foreign_usage,8,1,3,7,1.137,1.714,2149.588,2150.714,2150.725,2152.429
4096,64,uniform,foreign_usage,8,1,4,7,1.136,1.857,2142.283,2143.286,2143.419,2145.143
4096,64,uniform,foreign_usage,8,1,5,7,1.071,2.000,2153.301,2154.286,2154.372,2156.286
4096,64,uniform,foreign_usage,8,1,6,7,1.220,2.143,2183.208,2159.857,2184.428,2162.000
4096,64,uniform,foreign_usage,8,4,0,7,1.152,1.750,2159.950,2161.036,2161.103,2162.786
4096,64,uniform,foreign_usage,8,4,1,7,1.104,1.714,2158.427,2159.000,2159.531,2160.714
4096,64,uniform,foreign_usage,8,4,2,7,1.087,1.714,2165.034,2165.929,2166.121,2167.643
4096,64,uniform,foreign_usage,8,4,3,7,1.123,1.750,2159.243,2160.214,2160.366,2161.964
4096,64,uniform,foreign_usage,8,4,4,7,1.199,1.750,2194.539,2194.893,2195.738,2196.643
4096,64,uniform,foreign_usage,8,4,5,7,1.115,1.857,2152.622,2153.571,2153.737,2155.429
4096,64,uniform,foreign_usage,8,4,6,7,1.050,1.643,2139.603,2140.464,2140.652,2142.107
4096,64,uniform,foreign_usage,8,16,0,7,1.118,1.750,2168.914,2169.732,2170.033,2171.482
4096,64,uniform,foreign_usage,8,16,1,7,1.089,1.786,2150.991,2151.661,2152.080,2153.446
4096,64,uniform,foreign_usage,8,16,2,7,1.109,1.821,2146.166,2146.955,2147.274,2148.777
4096,64,uniform,foreign_usage,8,16,3,7,1.096,1.759,2132.487,2133.089,2133.584,2134.848
4096,64,uniform,foreign_usage,8,16,4,7,1.109,1.795,2134.996,2135.759,2136.105,2137.554
4096,64,uniform,foreign_usage,8,16,5,7,1.107,1.848,2143.335,2142.741,2144.442,2144.589
4096,64,uniform,foreign_usage,8,16,6,7,1.161,1.848,2164.678,2165.473,2165.839,2167.321
4096,64,uniform,foreign_usage,16,1,0,7,1.184,2.000,2195.261,2196.429,2196.445,2198.429
4096,64,uniform,foreign_usage,16,1,1,7,1.090,1.714,2130.502,2131.286,2131.592,2133.000
4096,64,uniform,foreign_usage,16,1,2,7,1.106,1.714,2142.982,2143.714,2144.088,2145.429
4096,64,uniform,foreign_usage,16,1,3,7,1.104,1.714,2159.892,2160.571,2160.997,2162.286
4096,64,uniform,foreign_usage,16,1,4,7,1.156,1.857,2184.326,2182.571,2185.482,2184.429
4096,64,uniform,foreign_usage,16,1,5,7,1.137,1.857,2152.753,2153.857,2153.890,2155.714
4096,64,uniform,foreign_usage,16,1,6,7,1.107,2.000,2128.371,2129.429,2129.478,2131.429
4096,64,uniform,foreign_usage,16,4,0,7,1.177,1.893,2151.508,2152.500,2152.685,2154.393
4096,64,uniform,foreign_usage,16,4,1,7,1.237,1.821,2163.115,2163.821,2164.352,2165.643
4096,64,uniform,foreign_usage,16,4,2,7,1.343,2.071,2186.854,2187.607,2188.197,2189.679
4096,64,uniform,foreign_usage,16,4,3,7,1.210,1.857,2174.329,2174.536,2175.539,2176.393
4096,64,uniform,foreign_usage,16,4,4,7,1.072,1.750,2133.950,2134.500,2135.022,2136.250
4096,64,uniform,foreign_usage,16,4,5,7,1.043,1.607,2116.504,2117.250,2117.547,2118.857
4096,64,uniform,foreign_usage,16,4,6,7,1.060,2.036,2121.898,2122.821,2122.958,2124.857
4096,64,uniform,foreign_usage,16,16,0,7,1.198,1.839,2164.479,2165.393,2165.677,2167.232
4096,64,uniform,foreign_usage,16,16,1,7,1.196,1.982,2192.389,2192.777,2193.584,2194.759
4096,64,uniform,foreign_usage,16,16,2,7,1.194,1.839,2175.362,2176.205,2176.556,2178.045
4096,64,uniform,foreign_usage,16,16,3,7,1.066,1.714,2138.053,2138.196,2139.119,2139.911
4096,64,uniform,foreign_usage,16,16,4,7,1.228,1.830,2267.386,2268.107,2268.614,2269.938
4096,64,uniform,foreign_usage,16,16,5,7,1.158,1.893,2184.008,2184.875,2185.166,2186.768
4096,64,uniform,foreign_usage,16,16,6,7,1.077,1.795,2142.560,2143.348,2143.637,2145.143
4096,64,uniform,foreign_usage,32,1,0,7,1.053,1.571,2126.490,2127.429,2127.543,2129.000
4096,64,uniform,foreign_usage,32,1,1,7,1.117,2.000,2121.817,2122.714,2122.934,2124.714
4096,64,uniform,foreign_usage,32,1,2,7,0.975,1.857,2116.927,2117.714,2117.902,2119.571
4096,64,uniform,foreign_usage,32,1,3,7,1.499,2.286,2321.435,2322.571,2322.934,2324.857
4096,64,uniform,foreign_usage,32,1,4,7,0.986,1.857,2118.292,2119.143,2119.277,2121.000
4096,64,uniform,foreign_usage,32,1,5,7,1.061,1.714,2119.205,2120.286,2120.266,2122.000
4096,64,uniform,foreign_usage,32,1,6,7,1.187,1.857,2131.228,2132.000,2132.415,2133.857
4096,64,uniform,foreign_usage,32,4,0,7,1.335,2.143,2221.953,2222.714,2223.289,2224.857
4096,64,uniform,foreign_usage,32,4,1,7,1.133,1.821,2158.184,2159.286,2159.317,2161.107
4096,64,uniform,foreign_usage,32,4,2,7,1.068,1.714,2133.680,2134.500,2134.748,2136.214
4096,64,uniform,foreign_usage,32,4,3,7,1.121,1.821,2143.398,2143.714,2144.519,2145.536
4096,64,uniform,foreign_usage,32,4,4,7,1.139,1.679,2138.622,2139.607,2139.761,2141.286
4096,64,uniform,foreign_usage,32,4,5,7,1.083,1.714,2140.215,2141.071,2141.298,2142.786
4096,64,uniform,foreign_usage,32,4,6,7,1.172,1.821,2149.594,2150.393,2150.766,2152.214
4096,64,uniform,foreign_usage,32,16,0,7,1.122,1.777,2179.813,2180.679,2180.935,2182.455
4096,64,uniform,foreign_usage,32,16,1,7,1.140,1.884,2174.813,2175.330,2175.953,2177.214
4096,64,uniform,foreign_usage,32,16,2,7,1.207,1.955,2196.861,2197.750,2198.068,2199.705
4096,64,uniform,foreign_usage,32,16,3,7,1.159,1.830,2178.128,2178.884,2179.287,2180.714
4096,64,uniform,foreign_usage,32,16,4,7,1.131,1.750,2160.285,2161.232,2161.417,2162.982
4096,64,uniform,foreign_usage,32,16,5,7,1.147,1.893,2171.942,2172.786,2173.090,2174.679
4096,64,uniform,foreign_usage,32,16,6,7,1.207,1.884,2168.074,2169.036,2169.282,2170.920
4096,64,uniform,foreign_usage,64,1,0,7,1.195,2.000,2145.055,2146.000,2146.250,2148.000
4096,64,uniform,foreign_usage,64,1,1,7,1.101,2.000,2139.530,2140.286,2140.631,2142.286
4096,64,uniform,foreign_usage,64,1,2,7,1.194,2.000,2147.388,2148.429,2148.582,2150.429
4096,64,uniform,foreign_usage,64,1,3,7,1.426,2.000,2204.233,2205.286,2205.659,2207.286
4096,64,uniform,foreign_usage,64,1,4,7,1.388,2.143,2165.434,2166.429,2166.822,2168.571
4096,64,uniform,foreign_usage,64,1,5,7,1.123,1.857,2155.543,2156.571,2156.666,2158.429
4096,64,uniform,foreign_usage,64,1,6,7,1.131,1.857,2120.328,2121.000,2121.460,2122.857
4096,64,uniform,foreign_usage,64,4,0,7,1.137,1.821,2142.648,2143.500,2143.786,2145.321
4096,64,uniform,foreign_usage,64,4,1,7,1.066,1.536,2139.907,2140.429,2140.973,2141.964
4096,64,uniform,foreign_usage,64,4,2,7,1.189,1.964,2153.250,2154.321,2154.438,2156.286
4096,64,uniform,foreign_usage,64,4,3,7,1.402,2.179,2220.441,2220.750,2221.843,2222.929
4096,64,uniform,foreign_usage,64,4,4,7,1.079,1.750,2149.341,2149.679,2150.419,2151.429
4096,64,uniform,foreign_usage,64,4,5,7,1.020,1.750,2130.429,2131.286,2131.449,2133.036
4096,64,uniform,foreign_usage,64,4,6,7,1.023,1.714,2139.351,2139.571,2140.373,2141.286
4096,64,uniform,foreign_usage,64,16,0,7,1.083,1.723,2199.747,2200.205,2200.831,2201.929
4096,64,uniform,foreign_usage,64,16,1,7,1.130,1.812,2223.876,2224.804,2225.006,2226.616
4096,64,uniform,foreign_usage,64,16,2,7,1.112,1.750,2195.204,2195.804,2196.316,2197.554
4096,64,uniform,foreign_usage,64,16,3,7,1.041,1.741,2176.716,2177.295,2177.756,2179.036
4096,64,uniform,foreign_usage,64,16,4,7,1.064,1.705,2189.803,2190.491,2190.867,2192.196
4096,64,uniform,foreign_usage,64,16,5,7,1.055,1.732,2178.483,2179.321,2179.537,2181.054
4096,64,uniform,foreign_usage,64,16,6,7,1.696,2.366,2405.071,2405.464,2406.767,2407.830
4096,64,uniform,foreign_usage,80,1,0,7,1.008,1.714,2121.461,2122.571,2122.470,2124.286
4096,64,uniform,foreign_usage,80,1,1,7,1.080,1.714,2123.056,2122.714,2124.136,2124.429
4096,64,uniform,foreign_usage,80,1,2,7,1.030,1.714,2124.989,2126.143,2126.019,2127.857
4096,64,uniform,foreign_usage,80,1,3,7,1.103,1.857,2184.833,2185.714,2185.935,2187.571
4096,64,uniform,foreign_usage,80,1,4,7,0.976,1.286,2109.608,2110.143,2110.584,2111.429
4096,64,uniform,foreign_usage,80,1,5,7,1.093,1.714,2122.059,2122.857,2123.152,2124.571
4096,64,uniform,foreign_usage,80,1,6,7,1.154,2.000,2121.957,2122.714,2123.112,2124.714
4096,64,uniform,foreign_usage,80,4,0,7,1.123,1.643,2172.041,2173.000,2173.164,2174.643
4096,64,uniform,foreign_usage,80,4,1,7,1.134,1.857,2160.046,2160.786,2161.180,2162.643
4096,64,uniform,foreign_usage,80,4,2,7,1.214,1.929,2195.789,2196.893,2197.003,2198.821
4096,64,uniform,foreign_usage,80,4,3,7,1.117,1.929,2175.479,2176.179,2176.596,2178.107
4096,64,uniform,foreign_usage,80,4,4,7,1.123,1.821,2168.652,2169.429,2169.775,2171.250
4096,64,uniform,foreign_usage,80,4,5,7,1.162,1.857,2178.912,2179.607,2180.075,2181.464
4096,64,uniform,foreign_usage,80,4,6,7,1.305,2.321,2495.084,2496.071,2496.389,2498.393
4096,64,uniform,foreign_usage,80,16,0,7,1.167,1.839,2231.551,2231.902,2232.717,2233.741
4096,64,uniform,foreign_usage,80,16,1,7,1.125,1.759,2271.337,2271.661,2272.462,2273.420
4096,64,uniform,foreign_usage,80,16,2,7,1.114,1.786,2216.835,2216.938,2217.949,2218.723
4096,64,uniform,foreign_usage,80,16,3,7,1.244,1.929,2262.154,2262.911,2263.398,2264.839
4096,64,uniform,foreign_usage,80,16,4,7,1.420,2.125,2348.434,2349.080,2349.854,2351.205
4096,64,uniform,foreign_usage,80,16,5,7,1.343,2.179,2279.135,2280.036,2280.478,2282.214
4096,64,uniform,foreign_usage,80,16,6,7,1.194,1.857,2238.257,2238.625,2239.451,2240.482
4096,64,uniform,foreign_usage,128,1,0,7,1.118,2.000,2126.035,2127.000,2127.153,2129.000
4096,64,uniform,foreign_usage,128,1,1,7,1.019,1.714,2123.525,2122.286,2124.544,2124.000
4096,64,uniform,foreign_usage,128,1,2,7,1.041,1.571,2126.450,2127.286,2127.492,2128.857
4096,64,uniform,foreign_usage,128,1,3,7,1.006,1.714,2115.126,2116.000,2116.131,2117.714
4096,64,uniform,foreign_usage,128,1,4,7,1.004,1.714,2116.973,2117.714,2117.977,2119.429
4096,64,uniform,foreign_usage,128,1,5,7,1.023,1.571,2123.924,2123.571,2124.946,2125.143
4096,64,uniform,foreign_usage,128,1,6,7,1.031,1.571,2129.985,2130.857,2131.016,2132.429
4096,64,uniform,foreign_usage,128,4,0,7,1.081,1.714,2152.800,2152.893,2153.881,2154.607
4096,64,uniform,foreign_usage,128,4,1,7,1.110,1.821,2159.672,2160.786,2160.781,2162.607
4096,64,uniform,foreign_usage,128,4,2,7,1.078,2.000,2161.143,2161.714,2162.221,2163.714
4096,64,uniform,foreign_usage,128,4,3,7,1.102,1.821,2147.443,2148.286,2148.545,2150.107
4096,64,uniform,foreign_usage,128,4,4,7,1.066,1.643,2144.828,2145.107,2145.893,2146.750
4096,64,uniform,foreign_usage,128,4,5,7,1.093,1.893,2150.724,2151.536,2151.817,2153.429
4096,64,uniform,foreign_usage,128,4,6,7,1.429,2.179,2440.391,2441.536,2441.820,2443.714
4096,64,uniform,foreign_usage,128,16,0,7,1.125,1.893,2320.834,2321.527,2321.959,2323.420
4096,64,uniform,foreign_usage,128,16,1,7,1.232,1.902,2362.297,2362.670,2363.529,2364.571
4096,64,uniform,foreign_usage,128,16,2,7,1.197,1.804,2302.084,2302.848,2303.281,2304.652
4096,64,uniform,foreign_usage,128,16,3,7,1.150,1.795,2294.514,2295.170,2295.663,2296.964
4096,64,uniform,foreign_usage,128,16,4,7,1.105,1.705,2275.724,2276.312,2276.829,2278.018
4096,64,uniform,foreign_usage,128,16,5,7,1.089,1.750,2266.028,2266.580,2267.116,2268.330
4096,64,uniform,foreign_usage,128,16,6,7,1.145,1.839,2283.857,2284.464,2285.002,2286.304
4096,64,uniform,foreign_usage,192,1,0,7,0.944,1.143,1701.282,1701.143,1702.226,1702.286
4096,64,uniform,foreign_usage,192,1,1,7,0.976,1.571,1711.447,1712.286,1712.423,1713.857
4096,64,uniform,foreign_usage,192,1,2,7,0.969,1.571,1705.719,1706.286,1706.688,1707.857
4096,64,uniform,foreign_usage,192,1,3,7,0.973,1.286,1704.455,1705.286,1705.428,1706.571
4096,64,uniform,foreign_usage,192,1,4,7,0.951,1.286,1707.387,1708.143,1708.338,1709.429
4096,64,uniform,foreign_usage,192,1,5,7,1.000,1.714,1721.436,1722.429,1722.435,1724.143
4096,64,uniform,foreign_usage,192,1,6,7,1.004,1.857,1725.211,1726.000,1726.215,1727.857
4096,64,uniform,foreign_usage,192,4,0,7,0.941,1.357,1731.979,1732.250,1732.920,1733.607
4096,64,uniform,foreign_usage,192,4,1,7,1.049,1.786,1756.395,1757.321,1757.444,1759.107
4096,64,uniform,foreign_usage,192,4,2,7,1.068,1.679,1785.215,1785.607,1786.284,1787.286
4096,64,uniform,foreign_usage,192,4,3,7,1.068,1.643,1771.087,1771.464,1772.155,1773.107
4096,64,uniform,foreign_usage,192,4,4,7,0.990,1.714,1737.006,1737.821,1737.995,1739.536
4096,64,uniform,foreign_usage,192,4,5,7,0.967,1.607,1737.373,1738.214,1738.340,1739.821
4096,64,uniform,foreign_usage,192,4,6,7,0.994,1.500,1761.451,1762.214,1762.446,1763.714
4096,64,uniform,foreign_usage,192,16,0,7,1.120,1.804,2197.419,2197.884,2198.540,2199.688
4096,64,uniform,foreign_usage,192,16,1,7,1.328,1.946,2282.800,2283.277,2284.127,2285.223
4096,64,uniform,foreign_usage,192,16,2,7,1.102,1.732,2134.636,2135.286,2135.738,2137.018
4096,64,uniform,foreign_usage,192,16,3,7,1.243,1.857,2237.605,2238.330,2238.848,2240.188
4096,64,uniform,foreign_usage,192,16,4,7,1.115,1.741,2123.484,2124.045,2124.598,2125.786
4096,64,uniform,foreign_usage,192,16,5,7,1.027,1.562,2065.267,2065.714,2066.295,2067.277
4096,64,uniform,foreign_usage,192,16,6,7,1.049,1.607,2107.486,2108.107,2108.535,2109.714
4096,64,uniform,foreign_usage,256,1,0,7,1.018,1.429,1753.992,1754.857,1755.010,1756.286
4096,64,uniform,foreign_usage,256,1,1,7,1.038,1.714,1762.896,1763.714,1763.934,1765.429
4096,64,uniform,foreign_usage,256,1,2,7,0.935,1.143,1734.673,1735.429,1735.609,1736.571
4096,64,uniform,foreign_usage,256,1,3,7,0.944,1.429,1754.536,1755.286,1755.480,1756.714
4096,64,uniform,foreign_usage,256,1,4,7,1.036,1.571,1750.831,1751.714,1751.866,1753.286
4096,64,uniform,foreign_usage,256,1,5,7,0.994,1.571,1746.544,1747.429,1747.538,1749.000
4096,64,uniform,foreign_usage,256,1,6,7,0.996,1.286,1778.314,1779.143,1779.310,1780.429
4096,64,uniform,foreign_usage,256,4,0,7,0.962,1.464,1783.534,1784.429,1784.497,1785.893
4096,64,uniform,foreign_usage,256,4,1,7,1.086,1.679,1812.223,1812.857,1813.309,1814.536
4096,64,uniform,foreign_usage,256,4,2,7,1.387,1.929,1831.331,1832.000,1832.717,1833.929
4096,64,uniform,foreign_usage,256,4,3,7,1.065,1.679,1808.568,1809.607,1809.633,1811.286
4096,64,uniform,foreign_usage,256,4,4,7,0.921,1.500,1789.660,1790.464,1790.581,1791.964
4096,64,uniform,foreign_usage,256,4,5,7,0.952,1.393,1781.121,1782.036,1782.073,1783.429
4096,64,uniform,foreign_usage,256,4,6,7,0.957,1.536,1781.574,1782.321,1782.531,1783.857
4096,64,uniform,foreign_usage,256,16,0,7,1.161,1.812,2392.905,2393.670,2394.066,2395.482
4096,64,uniform,foreign_usage,256,16,1,7,1.040,1.634,2335.350,2335.982,2336.390,2337.616
4096,64,uniform,foreign_usage,256,16,2,7,1.159,1.795,2347.617,2348.321,2348.775,2350.116
4096,64,uniform,foreign_usage,256,16,3,7,1.118,1.741,2382.981,2383.223,2384.099,2384.964
4096,64,uniform,foreign_usage,256,16,4,7,1.132,1.714,2378.309,2378.938,2379.440,2380.652
4096,64,uniform,foreign_usage,256,16,5,7,1.026,1.607,2316.307,2316.661,2317.332,2318.268
4096,64,uniform,foreign_usage,256,16,6,7,1.071,1.679,2337.006,2337.589,2338.076,2339.268
4096,64,uniform,foreign_usage,512,1,0,7,1.103,1.857,1781.580,1782.286,1782.683,1784.143
4096,64,uniform,foreign_usage,512,1,1,7,1.054,1.714,1762.365,1763.143,1763.419,1764.857
4096,64,uniform,foreign_usage,512,1,2,7,0.961,1.571,1760.050,1760.857,1761.012,1762.429
4096,64,uniform,foreign_usage,512,1,3,7,1.007,1.429,1762.115,1760.857,1763.122,1762.286
4096,64,uniform,foreign_usage,512,1,4,7,0.987,1.571,1772.750,1773.571,1773.737,1775.143
4096,64,uniform,foreign_usage,512,1,5,7,1.060,1.571,1808.711,1808.429,1809.771,1810.000
4096,64,uniform,foreign_usage,512,1,6,7,1.044,1.571,1761.920,1763.000,1762.965,1764.571
4096,64,uniform,foreign_usage,512,4,0,7,1.000,1.607,1846.879,1847.643,1847.879,1849.250
4096,64,uniform,foreign_usage,512,4,1,7,1.011,1.679,1840.694,1841.250,1841.705,1842.929
4096,64,uniform,foreign_usage,512,4,2,7,1.121,1.571,1983.885,1983.929,1985.006,1985.500
4096,64,uniform,foreign_usage,512,4,3,7,1.038,1.607,1860.115,1860.929,1861.154,1862.536
4096,64,uniform,foreign_usage,512,4,4,7,0.945,1.393,1822.790,1823.536,1823.735,1824.929
4096,64,uniform,foreign_usage,512,4,5,7,0.978,1.429,1840.111,1840.893,1841.090,1842.321
4096,64,uniform,foreign_usage,512,4,6,7,1.138,1.750,1836.454,1837.143,1837.592,1838.893
4096,64,uniform,foreign_usage,512,16,0,7,1.154,1.786,3038.205,3038.723,3039.359,3040.509
4096,64,uniform,foreign_usage,512,16,1,7,1.089,1.696,3014.405,3015.286,3015.494,3016.982
4096,64,uniform,foreign_usage,512,16,2,7,1.118,1.714,2990.527,2991.089,2991.645,2992.804
4096,64,uniform,foreign_usage,512,16,3,7,1.170,1.893,3126.847,3127.705,3128.017,3129.598
4096,64,uniform,foreign_usage,512,16,4,7,1.234,1.920,3156.996,3157.679,3158.230,3159.598
4096,64,uniform,foreign_usage,512,16,5,7,1.286,1.973,3214.063,3214.259,3215.349,3216.232
4096,64,uniform,foreign_usage,512,16,6,7,1.722,2.420,3619.175,3619.938,3620.897,3622.357
4096,64,prefix2,foreign_usage,8,1,0,7,1.037,1.857,1723.007,1722.571,1724.044,1724.429
4096,64,prefix2,foreign_usage,8,1,1,7,1.051,1.571,1712.376,1713.286,1713.428,1714.857
4096,64,prefix2,foreign_usage,8,1,2,7,0.928,1.571,1694.083,1694.714,1695.012,1696.286
4096,64,prefix2,foreign_usage,8,1,3,7,0.941,1.571,1696.585,1697.286,1697.526,1698.857
4096,64,prefix2,foreign_usage,8,1,4,7,1.030,1.714,1683.947,1684.857,1684.977,1686.571
4096,64,prefix2,foreign_usage,8,1,5,7,0.953,1.571,1686.111,1687.286,1687.064,1688.857
4096,64,prefix2,foreign_usage,8,1,6,7,0.963,1.429,1681.247,1682.000,1682.210,1683.429
4096,64,prefix2,foreign_usage,8,4,0,7,1.047,1.750,1734.982,1735.893,1736.029,1737.643
4096,64,prefix2,foreign_usage,8,4,1,7,1.197,1.929,1799.047,1799.786,1800.244,1801.714
4096,64,prefix2,foreign_usage,8,4,2,7,1.140,1.536,1767.901,1768.536,1769.041,1770.071
4096,64,prefix2,foreign_usage,8,4,3,7,1.071,1.821,1750.189,1751.071,1751.259,1752.893
4096,64,prefix2,foreign_usage,8,4,4,7,1.063,1.571,1724.478,1725.250,1725.540,1726.821
4096,64,prefix2,foreign_usage,8,4,5,7,1.054,1.571,1729.521,1730.250,1730.575,1731.821
4096,64,prefix2,foreign_usage,8,4,6,7,1.076,1.786,1728.849,1729.714,1729.925,1731.500
4096,64,prefix2,foreign_usage,8,16,0,7,1.129,1.705,1741.440,1742.116,1742.569,1743.821
4096,64,prefix2,foreign_usage,8,16,1,7,1.065,1.688,1729.166,1729.741,1730.231,1731.429
4096,64,prefix2,foreign_usage,8,16,2,7,1.033,1.634,1712.148,1712.991,1713.182,1714.625
4096,64,prefix2,foreign_usage,8,16,3,7,1.055,1.643,1716.861,1717.598,1717.916,1719.241
4096,64,prefix2,foreign_usage,8,16,4,7,1.048,1.616,1729.201,1729.964,1730.249,1731.580
4096,64,prefix2,foreign_usage,8,16,5,7,0.970,1.554,1690.590,1691.375,1691.560,1692.929
4096,64,prefix2,foreign_usage,8,16,6,7,1.054,1.536,1722.844,1723.616,1723.898,1725.152
4096,64,prefix2,foreign_usage,16,1,0,7,1.210,1.857,1754.704,1755.714,1755.914,1757.571
4096,64,prefix2,foreign_usage,16,1,1,7,2.623,3.143,1765.891,1767.000,1768.514,1770.143
4096,64,prefix2,foreign_usage,16,1,2,7,1.104,1.857,1742.051,1742.714,1743.156,1744.571
4096,64,prefix2,foreign_usage,16,1,3,7,1.203,1.714,1730.763,1731.857,1731.965,1733.571
4096,64,prefix2,foreign_usage,16,1,4,7,1.341,2.143,1866.753,1866.143,1868.094,1868.286
4096,64,prefix2,foreign_usage,16,1,5,7,1.223,1.857,1769.909,1769.429,1771.132,1771.286
4096,64,prefix2,foreign_usage,16,1,6,7,2.200,3.000,1746.349,1746.143,1748.548,1749.143
4096,64,prefix2,foreign_usage,16,4,0,7,1.099,1.750,1722.941,1723.607,1724.041,1725.357
4096,64,prefix2,foreign_usage,16,4,1,7,1.016,1.500,1719.270,1720.071,1720.286,1721.571
4096,64,prefix2,foreign_usage,16,4,2,7,1.030,1.429,1709.228,1710.000,1710.257,1711.429
4096,64,prefix2,foreign_usage,16,4,3,7,0.994,1.607,1708.055,1708.607,1709.049,1710.214
4096,64,prefix2,foreign_usage,16,4,4,7,1.117,1.536,1727.193,1727.821,1728.310,1729.357
4096,64,prefix2,foreign_usage,16,4,5,7,1.126,1.821,1734.905,1735.321,1736.031,1737.143
4096,64,prefix2,foreign_usage,16,4,6,7,1.081,1.750,1729.446,1730.321,1730.527,1732.071
4096,64,prefix2,foreign_usage,16,16,0,7,1.268,1.812,1783.902,1784.438,1785.170,1786.250
4096,64,prefix2,foreign_usage,16,16,1,7,1.023,1.616,1725.375,1726.071,1726.398,1727.688
4096,64,prefix2,foreign_usage,16,16,2,7,1.070,1.643,1733.687,1734.196,1734.757,1735.839
4096,64,prefix2,foreign_usage,16,16,3,7,1.063,1.670,1758.445,1759.170,1759.508,1760.839
4096,64,prefix2,foreign_usage,16,16,4,7,1.035,1.607,1727.212,1727.955,1728.246,1729.562
4096,64,prefix2,foreign_usage,16,16,5,7,1.080,1.741,1740.469,1741.027,1741.549,1742.768
4096,64,prefix2,foreign_usage,16,16,6,7,1.053,1.643,1727.978,1728.688,1729.030,1730.330
4096,64,prefix2,foreign_usage,32,1,0,7,1.017,1.857,1705.020,1705.857,1706.037,1707.714
4096,64,prefix2,foreign_usage,32,1,1,7,1.051,1.714,1712.023,1712.857,1713.074,1714.571
4096,64,prefix2,foreign_usage,32,1,2,7,0.956,1.286,1698.172,1698.143,1699.128,1699.429
4096,64,prefix2,foreign_usage,32,1,3,7,0.956,1.429,1701.352,1702.143,1702.308,1703.571
4096,64,prefix2,foreign_usage,32,1,4,7,1.033,1.714,1713.557,1714.286,1714.590,1716.000
4096,64,prefix2,foreign_usage,32,1,5,7,0.981,1.571,1711.827,1712.714,1712.808,1714.286
4096,64,prefix2,foreign_usage,32,1,6,7,1.018,1.429,1709.430,1710.429,1710.448,1711.857
4096,64,prefix2,foreign_usage,32,4,0,7,1.002,1.607,1712.003,1712.821,1713.005,1714.429
4096,64,prefix2,foreign_usage,32,4,1,7,1.016,1.607,1713.617,1714.464,1714.633,1716.071
4096,64,prefix2,foreign_usage,32,4,2,7,1.036,1.714,1717.081,1717.286,1718.117,1719.000
4096,64,prefix2,foreign_usage,32,4,3,7,1.054,1.643,1715.746,1716.107,1716.800,1717.750
4096,64,prefix2,foreign_usage,32,4,4,7,0.985,1.500,1730.676,1731.464,1731.660,1732.964
4096,64,prefix2,foreign_usage,32,4,5,7,1.063,1.679,1739.314,1740.036,1740.377,1741.714
4096,64,prefix2,foreign_usage,32,4,6,7,1.237,1.857,1907.468,1908.536,1908.705,1910.393
4096,64,prefix2,foreign_usage,32,16,0,7,1.158,1.786,1830.356,1831.304,1831.515,1833.089
4096,64,prefix2,foreign_usage,32,16,1,7,1.041,1.643,1743.260,1743.741,1744.301,1745.384
4096,64,prefix2,foreign_usage,32,16,2,7,1.130,1.768,1802.326,1803.241,1803.457,1805.009
4096,64,prefix2,foreign_usage,32,16,3,7,1.035,1.625,1767.471,1768.223,1768.505,1769.848
4096,64,prefix2,foreign_usage,32,16,4,7,1.128,1.768,1765.530,1766.420,1766.657,1768.188
4096,64,prefix2,foreign_usage,32,16,5,7,1.160,1.786,1880.350,1880.875,1881.510,1882.661
4096,64,prefix2,foreign_usage,32,16,6,7,1.140,1.714,1767.725,1768.402,1768.866,1770.116
4096,64,prefix2,foreign_usage,64,1,0,7,1.071,1.571,1708.133,1708.000,1709.205,1709.571
4096,64,prefix2,foreign_usage,64,1,1,7,1.137,1.857,1741.378,1742.286,1742.515,1744.143
4096,64,prefix2,foreign_usage,64,1,2,7,1.324,2.429,1980.308,1981.143,1981.632,1983.571
4096,64,prefix2,foreign_usage,64,1,3,7,1.011,1.857,1719.415,1719.286,1720.427,1721.143
4096,64,prefix2,foreign_usage,64,1,4,7,1.084,1.571,1725.682,1726.714,1726.766,1728.286
4096,64,prefix2,foreign_usage,64,1,5,7,1.179,1.429,1764.508,1764.286,1765.687,1765.714
4096,64,prefix2,foreign_usage,64,1,6,7,1.030,1.286,1728.849,1729.714,1729.879,1731.000
4096,64,prefix2,foreign_usage,64,4,0,7,1.005,1.464,1711.309,1712.179,1712.315,1713.643
4096,64,prefix2,foreign_usage,64,4,1,7,1.220,1.821,1761.754,1762.750,1762.973,1764.571
4096,64,prefix2,foreign_usage,64,4,2,7,1.171,1.571,1799.753,1799.893,1800.924,1801.464
4096,64,prefix2,foreign_usage,64,4,3,7,1.273,1.786,1802.666,1803.214,1803.939,1805.000
4096,64,prefix2,foreign_usage,64,4,4,7,1.061,1.536,1723.011,1723.607,1724.072,1725.143
4096,64,prefix2,foreign_usage,64,4,5,7,1.041,1.607,1730.839,1731.643,1731.879,1733.250
4096,64,prefix2,foreign_usage,64,4,6,7,1.037,1.571,1723.436,1724.214,1724.473,1725.786
4096,64,prefix2,foreign_usage,64,16,0,7,1.093,1.670,1792.434,1793.179,1793.527,1794.848
4096,64,prefix2,foreign_usage,64,16,1,7,1.154,1.777,1786.099,1786.902,1787.253,1788.679
4096,64,prefix2,foreign_usage,64,16,2,7,1.144,1.732,1817.590,1818.446,1818.733,1820.179
4096,64,prefix2,foreign_usage,64,16,3,7,1.111,1.732,1779.942,1780.562,1781.053,1782.295
4096,64,prefix2,foreign_usage,64,16,4,7,1.080,1.652,1771.765,1772.446,1772.845,1774.098
4096,64,prefix2,foreign_usage,64,16,5,7,1.054,1.670,1762.376,1763.223,1763.431,1764.893
4096,64,prefix2,foreign_usage,64,16,6,7,1.083,1.696,1771.031,1771.857,1772.115,1773.554
4096,64,prefix2,foreign_usage,80,1,0,7,1.111,1.571,1720.248,1721.000,1721.360,1722.571
4096,64,prefix2,foreign_usage,80,1,1,7,1.070,1.714,1724.816,1723.571,1725.885,1725.286
4096,64,prefix2,foreign_usage,80,1,2,7,1.039,1.571,1713.415,1714.286,1714.453,1715.857
4096,64,prefix2,foreign_usage,80,1,3,7,0.983,1.571,1714.165,1715.000,1715.148,1716.571
4096,64,prefix2,foreign_usage,80,1,4,7,1.134,2.000,1709.656,1710.429,1710.790,1712.429
4096,64,prefix2,foreign_usage,80,1,5,7,1.101,1.857,1737.213,1735.286,1738.314,1737.143
4096,64,prefix2,foreign_usage,80,1,6,7,1.128,1.857,1715.112,1716.000,1716.240,1717.857
4096,64,prefix2,foreign_usage,80,4,0,7,1.034,1.464,1723.610,1724.286,1724.644,1725.750
4096,64,prefix2,foreign_usage,80,4,1,7,1.083,1.786,1747.475,1748.357,1748.558,1750.143
4096,64,prefix2,foreign_usage,80,4,2,7,1.141,1.714,1817.957,1818.893,1819.098,1820.607
4096,64,prefix2,foreign_usage,80,4,3,7,1.169,1.857,1777.952,1778.000,1779.121,1779.857
4096,64,prefix2,foreign_usage,80,4,4,7,1.239,1.929,1835.562,1836.464,1836.801,1838.393
4096,64,prefix2,foreign_usage,80,4,5,7,1.019,1.607,1736.251,1737.036,1737.269,1738.643
4096,64,prefix2,foreign_usage,80,4,6,7,1.008,1.607,1724.746,1725.536,1725.754,1727.143
4096,64,prefix2,foreign_usage,80,16,0,7,1.220,1.821,1853.005,1853.464,1854.226,1855.286
4096,64,prefix2,foreign_usage,80,16,1,7,1.060,1.643,1786.282,1786.964,1787.342,1788.607
4096,64,prefix2,foreign_usage,80,16,2,7,1.084,1.625,1791.231,1791.902,1792.314,1793.527
4096,64,prefix2,foreign_usage,80,16,3,7,1.116,1.696,1806.592,1807.250,1807.707,1808.946
4096,64,prefix2,foreign_usage,80,16,4,7,1.118,1.661,1801.422,1802.339,1802.540,1804.000
4096,64,prefix2,foreign_usage,80,16,5,7,1.122,1.741,1784.152,1784.634,1785.274,1786.375
4096,64,prefix2,foreign_usage,80,16,6,7,1.133,1.705,1790.962,1791.554,1792.095,1793.259
4096,64,prefix2,foreign_usage,128,1,0,7,1.066,1.714,1732.077,1733.143,1733.142,1734.857
4096,64,prefix2,foreign_usage,128,1,1,7,1.128,1.571,1742.647,1743.429,1743.776,1745.000
4096,64,prefix2,foreign_usage,128,1,2,7,1.190,1.714,1754.167,1755.143,1755.356,1756.857
4096,64,prefix2,foreign_usage,128,1,3,7,1.044,1.714,1719.083,1720.143,1720.128,1721.857
4096,64,prefix2,foreign_usage,128,1,4,7,0.997,1.571,1720.388,1718.286,1721.385,1719.857
4096,64,prefix2,foreign_usage,128,1,5,7,0.951,1.429,1713.883,1714.571,1714.835,1716.000
4096,64,prefix2,foreign_usage,128,1,6,7,0.981,1.857,1716.513,1717.143,1717.495,1719.000
4096,64,prefix2,foreign_usage,128,4,0,7,1.044,1.679,1745.112,1745.357,1746.156,1747.036
4096,64,prefix2,foreign_usage,128,4,1,7,1.163,1.607,1728.410,1728.821,1729.574,1730.429
4096,64,prefix2,foreign_usage,128,4,2,7,0.994,1.536,1728.447,1729.286,1729.441,1730.821
4096,64,prefix2,foreign_usage,128,4,3,7,0.997,1.536,1737.447,1738.143,1738.444,1739.679
4096,64,prefix2,foreign_usage,128,4,4,7,1.059,1.750,1752.393,1753.357,1753.452,1755.107
4096,64,prefix2,foreign_usage,128,4,5,7,1.082,1.714,1750.871,1751.786,1751.953,1753.500
4096,64,prefix2,foreign_usage,128,4,6,7,1.056,1.714,1762.195,1763.071,1763.251,1764.786
4096,64,prefix2,foreign_usage,128,16,0,7,1.062,1.652,1852.697,1853.429,1853.759,1855.080
4096,64,prefix2,foreign_usage,128,16,1,7,1.023,1.652,1807.066,1807.911,1808.089,1809.562
4096,64,prefix2,foreign_usage,128,16,2,7,1.118,1.714,1866.791,1867.696,1867.909,1869.411
4096,64,prefix2,foreign_usage,128,16,3,7,1.071,1.679,1883.923,1884.696,1884.994,1886.375
4096,64,prefix2,foreign_usage,128,16,4,7,1.042,1.580,1845.953,1846.768,1846.995,1848.348
4096,64,prefix2,foreign_usage,128,16,5,7,1.054,1.536,1842.705,1843.554,1843.759,1845.089
4096,64,prefix2,foreign_usage,128,16,6,7,1.148,1.705,1883.398,1884.330,1884.545,1886.036
4096,64,prefix2,foreign_usage,192,1,0,7,1.064,1.571,1737.852,1738.714,1738.916,1740.286
4096,64,prefix2,foreign_usage,192,1,1,7,1.040,1.571,1731.349,1732.286,1732.389,1733.857
4096,64,prefix2,foreign_usage,192,1,2,7,1.070,1.143,1734.346,1735.286,1735.416,1736.429
4096,64,prefix2,foreign_usage,192,1,3,7,1.126,1.714,1803.618,1803.714,1804.743,1805.429
4096,64,prefix2,foreign_usage,192,1,4,7,1.277,1.857,1791.968,1792.857,1793.245,1794.714
4096,64,prefix2,foreign_usage,192,1,5,7,1.005,1.571,1769.049,1770.143,1770.054,1771.714
4096,64,prefix2,foreign_usage,192,1,6,7,1.179,1.857,1751.989,1753.286,1753.167,1755.143
4096,64,prefix2,foreign_usage,192,4,0,7,1.082,1.679,1769.185,1769.643,1770.267,1771.321
4096,64,prefix2,foreign_usage,192,4,1,7,1.071,1.679,1803.282,1803.464,1804.353,1805.143
4096,64,prefix2,foreign_usage,192,4,2,7,1.046,1.607,1770.924,1771.893,1771.970,1773.500
4096,64,prefix2,foreign_usage,192,4,3,7,1.030,1.536,1790.379,1791.286,1791.409,1792.821
4096,64,prefix2,foreign_usage,192,4,4,7,1.162,1.750,1839.261,1840.286,1840.423,1842.036
4096,64,prefix2,foreign_usage,192,4,5,7,1.307,1.893,1888.865,1889.929,1890.173,1891.821
4096,64,prefix2,foreign_usage,192,4,6,7,1.049,1.750,1770.990,1771.714,1772.039,1773.464
4096,64,prefix2,foreign_usage,192,16,0,7,1.099,1.750,1991.634,1992.482,1992.734,1994.232
4096,64,prefix2,foreign_usage,192,16,1,7,1.082,1.705,2009.914,2010.884,2010.996,2012.589
4096,64,prefix2,foreign_usage,192,16,2,7,1.096,1.661,1976.222,1977.089,1977.319,1978.750
4096,64,prefix2,foreign_usage,192,16,3,7,1.156,1.786,2025.590,2026.589,2026.746,2028.375
4096,64,prefix2,foreign_usage,192,16,4,7,1.140,1.750,2042.639,2043.670,2043.779,2045.420
4096,64,prefix2,foreign_usage,192,16,5,7,1.228,1.875,2188.997,2190.045,2190.226,2191.920
4096,64,prefix2,foreign_usage,192,16,6,7,1.024,1.598,1926.052,1926.366,1927.076,1927.964
4096,64,prefix2,foreign_usage,256,1,0,7,1.136,1.714,1753.803,1754.429,1754.939,1756.143
4096,64,prefix2,foreign_usage,256,1,1,7,1.041,1.714,1760.188,1761.286,1761.230,1763.000
4096,64,prefix2,foreign_usage,256,1,2,7,1.061,1.714,1804.251,1804.857,1805.312,1806.571
4096,64,prefix2,foreign_usage,256,1,3,7,1.161,1.571,1784.370,1785.143,1785.531,1786.714
4096,64,prefix2,foreign_usage,256,1,4,7,1.167,1.714,1798.217,1799.143,1799.385,1800.857
4096,64,prefix2,foreign_usage,256,1,5,7,1.253,2.000,1870.685,1871.571,1871.938,1873.571
4096,64,prefix2,foreign_usage,256,1,6,7,1.014,1.714,1728.829,1729.714,1729.844,1731.429
4096,64,prefix2,foreign_usage,256,4,0,7,1.038,1.500,1794.359,1794.643,1795.397,1796.143
4096,64,prefix2,foreign_usage,256,4,1,7,1.179,1.714,1813.987,1814.750,1815.166,1816.464
4096,64,prefix2,foreign_usage,256,4,2,7,1.111,1.643,1789.895,1790.821,1791.006,1792.464
4096,64,prefix2,foreign_usage,256,4,3,7,1.106,1.857,1800.515,1801.500,1801.621,1803.357
4096,64,prefix2,foreign_usage,256,4,4,7,1.483,2.143,2137.790,2118.750,2139.273,2120.893
4096,64,prefix2,foreign_usage,256,4,5,7,1.195,1.821,1878.851,1879.750,1880.046,1881.571
4096,64,prefix2,foreign_usage,256,4,6,7,1.163,1.750,1810.408,1811.429,1811.572,1813.179
4096,64,prefix2,foreign_usage,256,16,0,7,1.129,1.714,2049.274,2050.134,2050.403,2051.848
4096,64,prefix2,foreign_usage,256,16,1,7,1.058,1.714,1980.019,1980.446,1981.077,1982.161
4096,64,prefix2,foreign_usage,256,16,2,7,1.204,1.804,2068.227,2068.982,2069.430,2070.786
4096,64,prefix2,foreign_usage,256,16,3,7,1.185,1.804,2026.731,2027.518,2027.917,2029.321
4096,64,prefix2,foreign_usage,256,16,4,7,1.073,1.714,2004.026,2004.839,2005.099,2006.554
4096,64,prefix2,foreign_usage,256,16,5,7,1.055,1.598,2051.658,2052.241,2052.712,2053.839
4096,64,prefix2,foreign_usage,256,16,6,7,1.037,1.607,1994.210,1994.804,1995.247,1996.411
4096,64,prefix2,foreign_usage,512,1,0,7,1.333,2.000,2023.448,2024.571,2024.780,2026.571
4096,64,prefix2,foreign_usage,512,1,1,7,0.968,1.714,1770.260,1771.000,1771.229,1772.714
4096,64,prefix2,foreign_usage,512,1,2,7,0.989,1.429,1780.215,1779.143,1781.203,1780.571
4096,64,prefix2,foreign_usage,512,1,3,7,1.123,1.571,1956.283,1957.286,1957.405,1958.857
4096,64,prefix2,foreign_usage,512,1,4,7,1.337,2.000,2109.040,2110.143,2110.377,2112.143
4096,64,prefix2,foreign_usage,512,1,5,7,0.994,1.714,1759.392,1760.143,1760.386,1761.857
4096,64,prefix2,foreign_usage,512,1,6,7,0.937,1.571,1752.829,1753.571,1753.766,1755.143
4096,64,prefix2,foreign_usage,512,4,0,7,1.007,1.679,1845.717,1845.857,1846.724,1847.536
4096,64,prefix2,foreign_usage,512,4,1,7,1.159,1.786,1955.641,1956.571,1956.801,1958.357
4096,64,prefix2,foreign_usage,512,4,2,7,1.091,1.679,1885.033,1885.536,1886.125,1887.214
4096,64,prefix2,foreign_usage,512,4,3,7,1.031,1.536,1847.941,1848.714,1848.972,1850.250
4096,64,prefix2,foreign_usage,512,4,4,7,1.001,1.500,1850.247,1850.893,1851.247,1852.393
4096,64,prefix2,foreign_usage,512,4,5,7,1.085,1.571,1852.021,1852.714,1853.106,1854.286
4096,64,prefix2,foreign_usage,512,4,6,7,1.166,1.857,1929.310,1929.750,1930.475,1931.607
4096,64,prefix2,foreign_usage,512,16,0,7,1.180,1.804,3164.692,3165.036,3165.871,3166.839
4096,64,prefix2,foreign_usage,512,16,1,7,1.084,1.741,3031.093,3031.875,3032.177,3033.616
4096,64,prefix2,foreign_usage,512,16,2,7,1.050,1.679,3011.020,3011.768,3012.070,3013.446
4096,64,prefix2,foreign_usage,512,16,3,7,1.262,1.964,3226.619,3227.402,3227.880,3229.366
4096,64,prefix2,foreign_usage,512,16,4,7,1.176,1.848,3207.518,3208.107,3208.694,3209.955
4096,64,prefix2,foreign_usage,512,16,5,7,1.132,1.786,3050.378,3050.893,3051.510,3052.679
4096,64,prefix2,foreign_usage,512,16,6,7,4.339,2.107,3378.979,3357.473,3383.318,3359.580
