base_accounts,distribution,prior_state,updates,workers,round,iterations,wall_us_per_op,cpu_us_per_op
4096,uniform,plain,8,1,0,5,92.766,93.400
4096,uniform,plain,8,2,0,5,1381.156,1443.600
4096,uniform,plain,8,4,0,5,1414.391,1589.000
4096,uniform,plain,8,8,0,5,1585.143,1906.600
4096,uniform,plain,8,2,1,5,1363.028,1424.600
4096,uniform,plain,8,4,1,5,1415.613,1584.800
4096,uniform,plain,8,8,1,5,1577.405,1883.800
4096,uniform,plain,8,1,1,5,88.654,89.200
4096,uniform,plain,8,4,2,5,1411.449,1580.200
4096,uniform,plain,8,8,2,5,1541.752,1842.000
4096,uniform,plain,8,1,2,5,91.002,92.000
4096,uniform,plain,8,2,2,5,1384.538,1452.800
4096,uniform,plain,8,8,3,5,1616.247,1933.800
4096,uniform,plain,8,1,3,5,88.972,89.600
4096,uniform,plain,8,2,3,5,1380.280,1442.800
4096,uniform,plain,8,4,3,5,1517.353,1699.800
4096,uniform,plain,8,1,4,5,92.202,93.000
4096,uniform,plain,8,2,4,5,1377.950,1434.600
4096,uniform,plain,8,4,4,5,1518.767,1731.200
4096,uniform,plain,8,8,4,5,1541.500,1834.800
4096,uniform,plain,16,1,0,5,167.816,168.800
4096,uniform,plain,16,2,0,5,1388.576,1490.200
4096,uniform,plain,16,4,0,5,1632.455,1965.000
4096,uniform,plain,16,8,0,5,1676.424,2210.200
4096,uniform,plain,16,2,1,5,1399.237,1492.200
4096,uniform,plain,16,4,1,5,1539.420,1795.200
4096,uniform,plain,16,8,1,5,1692.243,2263.200
4096,uniform,plain,16,1,1,5,169.986,171.000
4096,uniform,plain,16,4,2,5,1535.574,1782.000
4096,uniform,plain,16,8,2,5,1719.496,2288.800
4096,uniform,plain,16,1,2,5,170.866,171.400
4096,uniform,plain,16,2,2,5,1407.731,1505.000
4096,uniform,plain,16,8,3,5,1679.409,2241.600
4096,uniform,plain,16,1,3,5,170.628,171.200
4096,uniform,plain,16,2,3,5,1407.629,1509.800
4096,uniform,plain,16,4,3,5,1570.076,1787.400
4096,uniform,plain,16,1,4,5,170.660,171.400
4096,uniform,plain,16,2,4,5,1407.839,1505.600
4096,uniform,plain,16,4,4,5,1540.104,1782.200
4096,uniform,plain,16,8,4,5,1726.362,2342.000
4096,uniform,plain,32,1,0,5,318.383,319.200
4096,uniform,plain,32,2,0,5,1609.577,1793.800
4096,uniform,plain,32,4,0,5,1752.782,2199.400
4096,uniform,plain,32,8,0,5,1808.313,2696.800
4096,uniform,plain,32,2,1,5,1482.351,1649.000
4096,uniform,plain,32,4,1,5,1623.205,2045.200
4096,uniform,plain,32,8,1,5,1817.936,2772.000
4096,uniform,plain,32,1,1,5,321.315,321.800
4096,uniform,plain,32,4,2,5,1587.175,1964.800
4096,uniform,plain,32,8,2,5,1838.222,2767.800
4096,uniform,plain,32,1,2,5,324.461,325.200
4096,uniform,plain,32,2,2,5,1566.322,1747.600
4096,uniform,plain,32,8,3,5,1841.864,2724.600
4096,uniform,plain,32,1,3,5,322.587,323.400
4096,uniform,plain,32,2,3,5,1496.251,1660.000
4096,uniform,plain,32,4,3,5,1629.834,1985.400
4096,uniform,plain,32,1,4,5,319.531,320.400
4096,uniform,plain,32,2,4,5,1496.727,1662.800
4096,uniform,plain,32,4,4,5,1625.305,1942.600
4096,uniform,plain,32,8,4,5,1800.169,2630.600
4096,uniform,plain,64,1,0,5,576.021,577.000
4096,uniform,plain,64,2,0,5,1679.205,1965.400
4096,uniform,plain,64,4,0,5,1833.638,2361.000
4096,uniform,plain,64,8,0,5,2033.126,3202.600
4096,uniform,plain,64,2,1,5,1739.198,2041.200
4096,uniform,plain,64,4,1,5,1820.798,2366.000
4096,uniform,plain,64,8,1,5,1992.266,3174.800
4096,uniform,plain,64,1,1,5,589.037,590.000
4096,uniform,plain,64,4,2,5,1768.668,2426.200
4096,uniform,plain,64,8,2,5,2118.846,3321.600
4096,uniform,plain,64,1,2,5,590.493,591.200
4096,uniform,plain,64,2,2,5,1896.771,2227.000
4096,uniform,plain,64,8,3,5,2049.581,3405.800
4096,uniform,plain,64,1,3,5,606.337,607.200
4096,uniform,plain,64,2,3,5,1941.009,2274.600
4096,uniform,plain,64,4,3,5,1870.871,2587.000
4096,uniform,plain,64,1,4,5,583.589,584.000
4096,uniform,plain,64,2,4,5,1919.846,2246.600
4096,uniform,plain,64,4,4,5,1857.181,2605.200
4096,uniform,plain,64,8,4,5,2173.725,3499.800
4096,uniform,plain,80,1,0,5,704.381,705.200
4096,uniform,plain,80,2,0,5,1818.068,2173.600
4096,uniform,plain,80,4,0,5,1908.442,2620.800
4096,uniform,plain,80,8,0,5,2001.882,3408.600
4096,uniform,plain,80,2,1,5,1744.430,2088.200
4096,uniform,plain,80,4,1,5,1886.175,2571.000
4096,uniform,plain,80,8,1,5,2032.383,3307.400
4096,uniform,plain,80,1,1,5,729.242,730.400
4096,uniform,plain,80,4,2,5,1953.057,2595.000
4096,uniform,plain,80,8,2,5,2025.587,3436.800
4096,uniform,plain,80,1,2,5,700.835,701.600
4096,uniform,plain,80,2,2,5,1739.604,2077.800
4096,uniform,plain,80,8,3,5,1981.895,3369.600
4096,uniform,plain,80,1,3,5,704.095,704.400
4096,uniform,plain,80,2,3,5,1796.377,2140.800
4096,uniform,plain,80,4,3,5,1943.254,2581.200
4096,uniform,plain,80,1,4,5,700.603,701.400
4096,uniform,plain,80,2,4,5,1734.044,2074.800
4096,uniform,plain,80,4,4,5,1987.072,2595.000
4096,uniform,plain,80,8,4,5,2023.326,3368.200
4096,uniform,plain,128,1,0,5,1053.199,1054.000
4096,uniform,plain,128,2,0,5,1999.586,2500.000
4096,uniform,plain,128,4,0,5,2191.514,3382.600
4096,uniform,plain,128,8,0,5,2264.463,4095.600
4096,uniform,plain,128,2,1,5,2010.664,2523.200
4096,uniform,plain,128,4,1,5,2096.628,3120.400
4096,uniform,plain,128,8,1,5,2237.991,4069.600
4096,uniform,plain,128,1,1,5,1038.916,1040.000
4096,uniform,plain,128,4,2,5,2124.752,3119.600
4096,uniform,plain,128,8,2,5,2243.415,4036.400
4096,uniform,plain,128,1,2,5,1041.885,1042.600
4096,uniform,plain,128,2,2,5,1950.799,2439.200
4096,uniform,plain,128,8,3,5,2277.134,4111.000
4096,uniform,plain,128,1,3,5,1038.607,1039.200
4096,uniform,plain,128,2,3,5,1962.093,2458.200
4096,uniform,plain,128,4,3,5,2227.347,3278.000
4096,uniform,plain,128,1,4,5,1034.465,1034.800
4096,uniform,plain,128,2,4,5,2031.588,2537.200
4096,uniform,plain,128,4,4,5,2237.679,3141.600
4096,uniform,plain,128,8,4,5,2252.777,3897.400
4096,uniform,plain,192,1,0,5,1436.505,1437.400
4096,uniform,plain,192,2,0,5,2266.594,2937.000
4096,uniform,plain,192,4,0,5,2462.856,3679.400
4096,uniform,plain,192,8,0,5,2438.679,4633.400
4096,uniform,plain,192,2,1,5,2267.250,2931.600
4096,uniform,plain,192,4,1,5,2389.010,3752.600
4096,uniform,plain,192,8,1,5,2366.754,4475.000
4096,uniform,plain,192,1,1,5,1450.531,1451.200
4096,uniform,plain,192,4,2,5,2345.035,3689.200
4096,uniform,plain,192,8,2,5,2576.877,4927.000
4096,uniform,plain,192,1,2,5,1442.397,1443.000
4096,uniform,plain,192,2,2,5,2660.578,3419.400
4096,uniform,plain,192,8,3,5,2419.903,4825.200
4096,uniform,plain,192,1,3,5,1438.165,1439.000
4096,uniform,plain,192,2,3,5,2720.213,3480.600
4096,uniform,plain,192,4,3,5,2522.313,4090.600
4096,uniform,plain,192,1,4,5,1452.168,1453.000
4096,uniform,plain,192,2,4,5,2979.775,3772.600
4096,uniform,plain,192,4,4,5,2661.204,4327.800
4096,uniform,plain,192,8,4,5,2367.017,4654.000
4096,uniform,plain,256,1,0,5,1819.566,1814.600
4096,uniform,plain,256,2,0,5,2402.604,3252.600
4096,uniform,plain,256,4,0,5,2681.842,4360.400
4096,uniform,plain,256,8,0,5,2571.510,5210.800
4096,uniform,plain,256,2,1,5,2439.445,3289.000
4096,uniform,plain,256,4,1,5,2763.140,4303.400
4096,uniform,plain,256,8,1,5,2582.095,5342.400
4096,uniform,plain,256,1,1,5,1804.933,1805.800
4096,uniform,plain,256,4,2,5,2608.505,4349.800
4096,uniform,plain,256,8,2,5,2629.588,5453.600
4096,uniform,plain,256,1,2,5,1796.323,1797.400
4096,uniform,plain,256,2,2,5,2528.015,3410.600
4096,uniform,plain,256,8,3,5,2640.090,5322.600
4096,uniform,plain,256,1,3,5,1794.401,1795.200
4096,uniform,plain,256,2,3,5,2802.437,3758.200
4096,uniform,plain,256,4,3,5,2508.957,4249.800
4096,uniform,plain,256,1,4,5,1793.351,1794.200
4096,uniform,plain,256,2,4,5,2838.784,3797.800
4096,uniform,plain,256,4,4,5,2582.230,4383.000
4096,uniform,plain,256,8,4,5,2767.102,5516.800
4096,uniform,plain,384,1,0,5,2555.560,2556.800
4096,uniform,plain,384,2,0,5,4164.855,5617.000
4096,uniform,plain,384,4,0,5,3703.573,6433.000
4096,uniform,plain,384,8,0,5,3485.104,7126.200
4096,uniform,plain,384,2,1,5,4041.746,5489.800
4096,uniform,plain,384,4,1,5,3359.447,5989.400
4096,uniform,plain,384,8,1,5,2966.333,6609.800
4096,uniform,plain,384,1,1,5,2491.869,2492.800
4096,uniform,plain,384,4,2,5,2935.510,5362.800
4096,uniform,plain,384,8,2,5,3056.439,6683.800
4096,uniform,plain,384,1,2,5,2513.025,2514.000
4096,uniform,plain,384,2,2,5,4073.097,5455.200
4096,uniform,plain,384,8,3,5,3060.443,6623.400
4096,uniform,plain,384,1,3,5,2506.227,2507.200
4096,uniform,plain,384,2,3,5,3628.575,5054.600
4096,uniform,plain,384,4,3,5,3080.515,5615.400
4096,uniform,plain,384,1,4,5,2496.693,2497.600
4096,uniform,plain,384,2,4,5,3684.141,5082.200
4096,uniform,plain,384,4,4,5,2980.993,5458.600
4096,uniform,plain,384,8,4,5,3090.271,6678.600
4096,uniform,plain,512,1,0,5,3070.475,3071.200
4096,uniform,plain,512,2,0,5,4431.671,6200.800
4096,uniform,plain,512,4,0,5,3080.393,6091.600
4096,uniform,plain,512,8,0,5,3412.030,7835.000
4096,uniform,plain,512,2,1,5,4001.052,5709.400
4096,uniform,plain,512,4,1,5,3192.606,6268.000
4096,uniform,plain,512,8,1,5,3271.890,7668.000
4096,uniform,plain,512,1,1,5,3221.480,3222.600
4096,uniform,plain,512,4,2,5,3209.788,6300.000
4096,uniform,plain,512,8,2,5,3362.937,7993.200
4096,uniform,plain,512,1,2,5,3058.323,3059.200
4096,uniform,plain,512,2,2,5,4225.766,5916.600
4096,uniform,plain,512,8,3,5,3118.292,7672.600
4096,uniform,plain,512,1,3,5,3070.729,3071.600
4096,uniform,plain,512,2,3,5,4029.022,5744.400
4096,uniform,plain,512,4,3,5,3165.471,6181.600
4096,uniform,plain,512,1,4,5,3061.759,3061.600
4096,uniform,plain,512,2,4,5,4211.350,5907.600
4096,uniform,plain,512,4,4,5,3117.712,6197.200
4096,uniform,plain,512,8,4,5,3225.128,7708.600
4096,uniform,tracked,8,1,0,5,104.540,105.200
4096,uniform,tracked,8,2,0,5,143.933,153.600
4096,uniform,tracked,8,4,0,5,185.766,244.200
4096,uniform,tracked,8,8,0,5,248.353,343.000
4096,uniform,tracked,8,2,1,5,144.385,154.600
4096,uniform,tracked,8,4,1,5,181.640,229.600
4096,uniform,tracked,8,8,1,5,269.400,411.000
4096,uniform,tracked,8,1,1,5,103.702,104.400
4096,uniform,tracked,8,4,2,5,231.501,280.800
4096,uniform,tracked,8,8,2,5,270.440,371.200
4096,uniform,tracked,8,1,2,5,124.515,125.400
4096,uniform,tracked,8,2,2,5,182.218,188.800
4096,uniform,tracked,8,8,3,5,402.940,542.000
4096,uniform,tracked,8,1,3,5,122.309,123.000
4096,uniform,tracked,8,2,3,5,138.897,148.600
4096,uniform,tracked,8,4,3,5,188.334,236.800
4096,uniform,tracked,8,1,4,5,102.158,102.800
4096,uniform,tracked,8,2,4,5,128.319,136.800
4096,uniform,tracked,8,4,4,5,192.730,221.200
4096,uniform,tracked,8,8,4,5,278.244,380.400
4096,uniform,tracked,16,1,0,5,197.462,198.000
4096,uniform,tracked,16,2,0,5,229.793,247.000
4096,uniform,tracked,16,4,0,5,288.914,360.800
4096,uniform,tracked,16,8,0,5,772.139,610.000
4096,uniform,tracked,16,2,1,5,241.427,261.600
4096,uniform,tracked,16,4,1,5,276.828,348.000
4096,uniform,tracked,16,8,1,5,371.774,558.200
4096,uniform,tracked,16,1,1,5,198.300,198.800
4096,uniform,tracked,16,4,2,5,267.902,327.200
4096,uniform,tracked,16,8,2,5,348.436,537.200
4096,uniform,tracked,16,1,2,5,196.352,197.200
4096,uniform,tracked,16,2,2,5,233.567,253.000
4096,uniform,tracked,16,8,3,5,352.594,539.200
4096,uniform,tracked,16,1,3,5,209.095,209.600
4096,uniform,tracked,16,2,3,5,233.085,255.400
4096,uniform,tracked,16,4,3,5,272.984,340.000
4096,uniform,tracked,16,1,4,5,196.266,197.000
4096,uniform,tracked,16,2,4,5,235.047,255.200
4096,uniform,tracked,16,4,4,5,266.077,326.800
4096,uniform,tracked,16,8,4,5,351.070,555.600
4096,uniform,tracked,32,1,0,5,367.804,368.400
4096,uniform,tracked,32,2,0,5,386.192,411.800
4096,uniform,tracked,32,4,0,5,481.094,575.600
4096,uniform,tracked,32,8,0,5,601.619,917.200
4096,uniform,tracked,32,2,1,5,408.115,438.400
4096,uniform,tracked,32,4,1,5,469.060,523.800
4096,uniform,tracked,32,8,1,5,567.467,825.400
4096,uniform,tracked,32,1,1,5,373.570,371.800
4096,uniform,tracked,32,4,2,5,467.866,537.400
4096,uniform,tracked,32,8,2,5,551.102,792.800
4096,uniform,tracked,32,1,2,5,367.692,368.400
4096,uniform,tracked,32,2,2,5,406.961,433.800
4096,uniform,tracked,32,8,3,5,548.654,830.800
4096,uniform,tracked,32,1,3,5,370.138,369.600
4096,uniform,tracked,32,2,3,5,388.860,413.800
4096,uniform,tracked,32,4,3,5,924.898,987.800
4096,uniform,tracked,32,1,4,5,409.297,410.200
4096,uniform,tracked,32,2,4,5,412.981,441.800
4096,uniform,tracked,32,4,4,5,450.000,556.800
4096,uniform,tracked,32,8,4,5,564.706,853.000
4096,uniform,tracked,64,1,0,5,653.398,654.200
4096,uniform,tracked,64,2,0,5,697.905,748.400
4096,uniform,tracked,64,4,0,5,722.724,848.600
4096,uniform,tracked,64,8,0,5,849.210,1202.200
4096,uniform,tracked,64,2,1,5,700.745,754.400
4096,uniform,tracked,64,4,1,5,722.544,841.400
4096,uniform,tracked,64,8,1,5,831.428,1164.000
4096,uniform,tracked,64,1,1,5,654.184,654.600
4096,uniform,tracked,64,4,2,5,712.144,836.000
4096,uniform,tracked,64,8,2,5,841.305,1193.000
4096,uniform,tracked,64,1,2,5,651.888,652.600
4096,uniform,tracked,64,2,2,5,697.743,748.400
4096,uniform,tracked,64,8,3,5,835.458,1205.400
4096,uniform,tracked,64,1,3,5,660.052,660.800
4096,uniform,tracked,64,2,3,5,699.991,751.400
4096,uniform,tracked,64,4,3,5,729.738,844.800
4096,uniform,tracked,64,1,4,5,678.121,675.600
4096,uniform,tracked,64,2,4,5,720.358,769.000
4096,uniform,tracked,64,4,4,5,741.012,851.400
4096,uniform,tracked,64,8,4,5,850.367,1187.000
4096,uniform,tracked,80,1,0,5,811.398,800.400
4096,uniform,tracked,80,2,0,5,839.533,902.600
4096,uniform,tracked,80,4,0,5,846.880,1006.200
4096,uniform,tracked,80,8,0,5,1006.802,1384.000
4096,uniform,tracked,80,2,1,5,826.950,890.600
4096,uniform,tracked,80,4,1,5,854.947,1004.600
4096,uniform,tracked,80,8,1,5,951.297,1367.000
4096,uniform,tracked,80,1,1,5,789.342,790.200
4096,uniform,tracked,80,4,2,5,833.835,991.400
4096,uniform,tracked,80,8,2,5,966.437,1369.400
4096,uniform,tracked,80,1,2,5,820.444,821.400
4096,uniform,tracked,80,2,2,5,837.919,903.400
4096,uniform,tracked,80,8,3,5,976.595,1399.400
4096,uniform,tracked,80,1,3,5,789.192,790.200
4096,uniform,tracked,80,2,3,5,836.664,901.000
4096,uniform,tracked,80,4,3,5,857.792,1013.600
4096,uniform,tracked,80,1,4,5,792.161,793.200
4096,uniform,tracked,80,2,4,5,860.163,924.000
4096,uniform,tracked,80,4,4,5,834.000,983.200
4096,uniform,tracked,80,8,4,5,982.400,1341.800
4096,uniform,tracked,128,1,0,5,1156.681,1157.200
4096,uniform,tracked,128,2,0,5,1222.143,1322.600
4096,uniform,tracked,128,4,0,5,1189.340,1408.600
4096,uniform,tracked,128,8,0,5,2713.937,2575.000
4096,uniform,tracked,128,2,1,5,1372.654,1493.000
4096,uniform,tracked,128,4,1,5,1389.684,1659.400
4096,uniform,tracked,128,8,1,5,1357.542,1856.200
4096,uniform,tracked,128,1,1,5,1149.153,1149.800
4096,uniform,tracked,128,4,2,5,1208.590,1424.400
4096,uniform,tracked,128,8,2,5,1360.732,1861.200
4096,uniform,tracked,128,1,2,5,1180.562,1179.000
4096,uniform,tracked,128,2,2,5,1187.584,1284.400
4096,uniform,tracked,128,8,3,5,1349.538,1879.800
4096,uniform,tracked,128,1,3,5,1220.896,1221.800
4096,uniform,tracked,128,2,3,5,1221.319,1320.800
4096,uniform,tracked,128,4,3,5,1227.833,1445.600
4096,uniform,tracked,128,1,4,5,1163.083,1163.800
4096,uniform,tracked,128,2,4,5,1200.788,1298.200
4096,uniform,tracked,128,4,4,5,1202.936,1431.200
4096,uniform,tracked,128,8,4,5,1346.770,1830.600
4096,uniform,tracked,192,1,0,5,1603.097,1604.000
4096,uniform,tracked,192,2,0,5,1876.607,2027.800
4096,uniform,tracked,192,4,0,5,1862.275,2217.000
4096,uniform,tracked,192,8,0,5,1728.478,2298.200
4096,uniform,tracked,192,2,1,5,1650.134,1793.200
4096,uniform,tracked,192,4,1,5,1576.370,1872.400
4096,uniform,tracked,192,8,1,5,1764.842,2372.800
4096,uniform,tracked,192,1,1,5,1600.199,1601.000
4096,uniform,tracked,192,4,2,5,1651.188,1967.400
4096,uniform,tracked,192,8,2,5,1741.476,2335.000
4096,uniform,tracked,192,1,2,5,1605.313,1606.400
4096,uniform,tracked,192,2,2,5,1667.932,1810.800
4096,uniform,tracked,192,8,3,5,1968.775,2639.200
4096,uniform,tracked,192,1,3,5,2017.538,2018.800
4096,uniform,tracked,192,2,3,5,1658.854,1793.000
4096,uniform,tracked,192,4,3,5,1607.859,1932.400
4096,uniform,tracked,192,1,4,5,1585.995,1587.200
4096,uniform,tracked,192,2,4,5,1553.206,1669.400
4096,uniform,tracked,192,4,4,5,1707.845,2043.000
4096,uniform,tracked,192,8,4,5,1983.857,2642.600
4096,uniform,tracked,256,1,0,5,1949.243,1950.600
4096,uniform,tracked,256,2,0,5,2049.875,2249.800
4096,uniform,tracked,256,4,0,5,1945.419,2361.600
4096,uniform,tracked,256,8,0,5,2084.962,2843.400
4096,uniform,tracked,256,2,1,5,1927.828,2104.600
4096,uniform,tracked,256,4,1,5,1970.983,2354.800
4096,uniform,tracked,256,8,1,5,2144.299,2872.800
4096,uniform,tracked,256,1,1,5,1950.139,1949.600
4096,uniform,tracked,256,4,2,5,1936.606,2346.400
4096,uniform,tracked,256,8,2,5,2509.601,2946.200
4096,uniform,tracked,256,1,2,5,1988.023,1989.000
4096,uniform,tracked,256,2,2,5,1950.844,2132.800
4096,uniform,tracked,256,8,3,5,2068.201,2858.200
4096,uniform,tracked,256,1,3,5,1938.804,1940.000
4096,uniform,tracked,256,2,3,5,1960.847,2165.000
4096,uniform,tracked,256,4,3,5,1893.019,2289.600
4096,uniform,tracked,256,1,4,5,1972.653,1973.800
4096,uniform,tracked,256,2,4,5,2124.204,2327.000
4096,uniform,tracked,256,4,4,5,1952.523,2364.200
4096,uniform,tracked,256,8,4,5,2048.982,2840.600
4096,uniform,tracked,384,1,0,5,2687.578,2688.600
4096,uniform,tracked,384,2,0,5,2715.531,3028.600
4096,uniform,tracked,384,4,0,5,2704.469,3316.400
4096,uniform,tracked,384,8,0,5,3687.328,4790.000
4096,uniform,tracked,384,2,1,5,2797.737,3107.800
4096,uniform,tracked,384,4,1,5,2656.050,3266.800
4096,uniform,tracked,384,8,1,5,2840.030,3800.000
4096,uniform,tracked,384,1,1,5,3032.446,3033.200
4096,uniform,tracked,384,4,2,5,2665.810,3250.000
4096,uniform,tracked,384,8,2,5,2839.730,3815.200
4096,uniform,tracked,384,1,2,5,2681.926,2682.600
4096,uniform,tracked,384,2,2,5,2801.979,3077.800
4096,uniform,tracked,384,8,3,5,2800.487,3875.000
4096,uniform,tracked,384,1,3,5,3484.204,3485.400
4096,uniform,tracked,384,2,3,5,3358.825,3770.000
4096,uniform,tracked,384,4,3,5,3461.727,4195.400
4096,uniform,tracked,384,1,4,5,3466.725,3467.800
4096,uniform,tracked,384,2,4,5,3017.696,3350.600
4096,uniform,tracked,384,4,4,5,3049.466,3688.800
4096,uniform,tracked,384,8,4,5,3193.419,4260.400
4096,uniform,tracked,512,1,0,5,3665.570,3667.000
4096,uniform,tracked,512,2,0,5,3520.307,3890.400
4096,uniform,tracked,512,4,0,5,3117.510,3864.800
4096,uniform,tracked,512,8,0,5,3525.959,5029.000
4096,uniform,tracked,512,2,1,5,3354.825,3773.400
4096,uniform,tracked,512,4,1,5,3272.877,4089.000
4096,uniform,tracked,512,8,1,5,3305.404,4563.600
4096,uniform,tracked,512,1,1,5,3327.870,3328.800
4096,uniform,tracked,512,4,2,5,3226.606,4024.200
4096,uniform,tracked,512,8,2,5,3326.851,4508.000
4096,uniform,tracked,512,1,2,5,3369.277,3363.600
4096,uniform,tracked,512,2,2,5,3450.661,3873.800
4096,uniform,tracked,512,8,3,5,3333.824,4679.000
4096,uniform,tracked,512,1,3,5,3326.502,3327.200
4096,uniform,tracked,512,2,3,5,3724.659,4142.400
4096,uniform,tracked,512,4,3,5,3283.042,4134.800
4096,uniform,tracked,512,1,4,5,3314.680,3314.200
4096,uniform,tracked,512,2,4,5,3490.646,3900.000
4096,uniform,tracked,512,4,4,5,3267.817,4113.400
4096,uniform,tracked,512,8,4,5,3342.253,4689.200
4096,prefix2,plain,8,1,0,5,92.166,93.000
4096,prefix2,plain,8,2,0,5,1250.913,1308.600
4096,prefix2,plain,8,4,0,5,1266.190,1388.800
4096,prefix2,plain,8,8,0,5,1404.408,1639.800
4096,prefix2,plain,8,2,1,5,1248.713,1302.800
4096,prefix2,plain,8,4,1,5,1275.670,1389.800
4096,prefix2,plain,8,8,1,5,1368.822,1636.000
4096,prefix2,plain,8,1,1,5,91.958,92.600
4096,prefix2,plain,8,4,2,5,1254.919,1376.600
4096,prefix2,plain,8,8,2,5,1374.258,1584.000
4096,prefix2,plain,8,1,2,5,94.718,95.200
4096,prefix2,plain,8,2,2,5,1248.819,1302.400
4096,prefix2,plain,8,8,3,5,1402.480,1657.200
4096,prefix2,plain,8,1,3,5,93.332,94.000
4096,prefix2,plain,8,2,3,5,1275.229,1329.400
4096,prefix2,plain,8,4,3,5,1252.265,1363.400
4096,prefix2,plain,8,1,4,5,92.090,92.800
4096,prefix2,plain,8,2,4,5,1248.587,1305.200
4096,prefix2,plain,8,4,4,5,1249.107,1361.000
4096,prefix2,plain,8,8,4,5,1383.876,1617.800
4096,prefix2,plain,16,1,0,5,161.307,162.200
4096,prefix2,plain,16,2,0,5,1294.378,1386.800
4096,prefix2,plain,16,4,0,5,1306.535,1568.600
4096,prefix2,plain,16,8,0,5,1597.676,2404.400
4096,prefix2,plain,16,2,1,5,1320.915,1419.800
4096,prefix2,plain,16,4,1,5,1359.976,1644.600
4096,prefix2,plain,16,8,1,5,2033.089,2854.600
4096,prefix2,plain,16,1,1,5,166.178,166.800
4096,prefix2,plain,16,4,2,5,1330.861,1590.000
4096,prefix2,plain,16,8,2,5,1598.947,2405.800
4096,prefix2,plain,16,1,2,5,194.022,194.800
4096,prefix2,plain,16,2,2,5,1378.010,1473.400
4096,prefix2,plain,16,8,3,5,1623.095,2437.200
4096,prefix2,plain,16,1,3,5,170.720,171.400
4096,prefix2,plain,16,2,3,5,1334.515,1438.800
4096,prefix2,plain,16,4,3,5,1316.735,1583.600
4096,prefix2,plain,16,1,4,5,162.849,163.400
4096,prefix2,plain,16,2,4,5,1305.644,1401.200
4096,prefix2,plain,16,4,4,5,1311.464,1572.400
4096,prefix2,plain,16,8,4,5,1793.289,2595.000
4096,prefix2,plain,32,1,0,5,328.093,328.800
4096,prefix2,plain,32,2,0,5,1583.822,1776.200
4096,prefix2,plain,32,4,0,5,1523.911,1980.600
4096,prefix2,plain,32,8,0,5,2224.782,3226.400
4096,prefix2,plain,32,2,1,5,1515.027,1714.200
4096,prefix2,plain,32,4,1,5,1539.508,2042.800
4096,prefix2,plain,32,8,1,5,2140.969,3178.400
4096,prefix2,plain,32,1,1,5,429.803,430.800
4096,prefix2,plain,32,4,2,5,2188.660,2661.400
4096,prefix2,plain,32,8,2,5,2510.595,3521.800
4096,prefix2,plain,32,1,2,5,432.303,433.600
4096,prefix2,plain,32,2,2,5,2108.768,2365.600
4096,prefix2,plain,32,8,3,5,2435.263,3486.600
4096,prefix2,plain,32,1,3,5,431.339,432.800
4096,prefix2,plain,32,2,3,5,2153.499,2405.600
4096,prefix2,plain,32,4,3,5,1870.873,2386.200
4096,prefix2,plain,32,1,4,5,399.185,400.200
4096,prefix2,plain,32,2,4,5,1849.603,2084.200
4096,prefix2,plain,32,4,4,5,1505.901,1972.400
4096,prefix2,plain,32,8,4,5,1823.074,2829.200
4096,prefix2,plain,64,1,0,5,598.649,599.400
4096,prefix2,plain,64,2,0,5,1973.077,2247.400
4096,prefix2,plain,64,4,0,5,1676.911,2403.200
4096,prefix2,plain,64,8,0,5,1961.053,3330.200
4096,prefix2,plain,64,2,1,5,1865.566,2137.200
4096,prefix2,plain,64,4,1,5,1694.937,2410.200
4096,prefix2,plain,64,8,1,5,2036.718,3262.200
4096,prefix2,plain,64,1,1,5,605.889,606.400
4096,prefix2,plain,64,4,2,5,1880.305,2592.800
4096,prefix2,plain,64,8,2,5,1959.261,3246.600
4096,prefix2,plain,64,1,2,5,591.783,592.600
4096,prefix2,plain,64,2,2,5,1998.596,2276.000
4096,prefix2,plain,64,8,3,5,1934.022,3299.800
4096,prefix2,plain,64,1,3,5,589.095,589.800
4096,prefix2,plain,64,2,3,5,2043.925,2320.400
4096,prefix2,plain,64,4,3,5,1768.437,2500.800
4096,prefix2,plain,64,1,4,5,586.741,587.400
4096,prefix2,plain,64,2,4,5,2074.091,2345.800
4096,prefix2,plain,64,4,4,5,1744.078,2469.600
4096,prefix2,plain,64,8,4,5,1967.082,3248.000
4096,prefix2,plain,80,1,0,5,689.191,689.800
4096,prefix2,plain,80,2,0,5,1918.756,2288.400
4096,prefix2,plain,80,4,0,5,1700.419,2540.800
4096,prefix2,plain,80,8,0,5,1973.517,3468.800
4096,prefix2,plain,80,2,1,5,1835.566,2206.000
4096,prefix2,plain,80,4,1,5,1728.424,2573.000
4096,prefix2,plain,80,8,1,5,1918.652,3368.800
4096,prefix2,plain,80,1,1,5,685.621,686.400
4096,prefix2,plain,80,4,2,5,1764.266,2608.600
4096,prefix2,plain,80,8,2,5,1977.593,3361.200
4096,prefix2,plain,80,1,2,5,683.641,684.600
4096,prefix2,plain,80,2,2,5,1900.833,2274.800
4096,prefix2,plain,80,8,3,5,2056.295,3459.400
4096,prefix2,plain,80,1,3,5,686.161,687.000
4096,prefix2,plain,80,2,3,5,1888.153,2264.400
4096,prefix2,plain,80,4,3,5,1797.701,2684.000
4096,prefix2,plain,80,1,4,5,682.623,683.400
4096,prefix2,plain,80,2,4,5,1879.335,2247.200
4096,prefix2,plain,80,4,4,5,1721.598,2537.200
4096,prefix2,plain,80,8,4,5,2092.074,3480.000
4096,prefix2,plain,128,1,0,5,1010.660,1008.400
4096,prefix2,plain,128,2,0,5,2182.080,2683.400
4096,prefix2,plain,128,4,0,5,1978.539,3143.000
4096,prefix2,plain,128,8,0,5,2063.661,3868.800
4096,prefix2,plain,128,2,1,5,2212.052,2712.800
4096,prefix2,plain,128,4,1,5,1889.361,2904.000
4096,prefix2,plain,128,8,1,5,2064.017,3827.600
4096,prefix2,plain,128,1,1,5,1013.180,1014.000
4096,prefix2,plain,128,4,2,5,1910.416,2977.400
4096,prefix2,plain,128,8,2,5,2111.132,3883.800
4096,prefix2,plain,128,1,2,5,1026.887,1027.600
4096,prefix2,plain,128,2,2,5,2210.670,2717.400
4096,prefix2,plain,128,8,3,5,2070.031,3862.600
4096,prefix2,plain,128,1,3,5,1014.002,1014.800
4096,prefix2,plain,128,2,3,5,2197.676,2701.800
4096,prefix2,plain,128,4,3,5,1939.272,3009.800
4096,prefix2,plain,128,1,4,5,1018.238,1019.000
4096,prefix2,plain,128,2,4,5,2270.469,2794.600
4096,prefix2,plain,128,4,4,5,2032.744,3131.800
4096,prefix2,plain,128,8,4,5,2054.255,3922.400
4096,prefix2,plain,192,1,0,5,1443.101,1444.400
4096,prefix2,plain,192,2,0,5,2561.038,3322.800
4096,prefix2,plain,192,4,0,5,2270.335,3911.600
4096,prefix2,plain,192,8,0,5,2320.122,4804.600
4096,prefix2,plain,192,2,1,5,2547.321,3310.200
4096,prefix2,plain,192,4,1,5,2181.035,3802.600
4096,prefix2,plain,192,8,1,5,2397.596,4716.600
4096,prefix2,plain,192,1,1,5,1454.620,1455.400
4096,prefix2,plain,192,4,2,5,2197.118,3725.600
4096,prefix2,plain,192,8,2,5,2318.161,4671.400
4096,prefix2,plain,192,1,2,5,1433.657,1434.400
4096,prefix2,plain,192,2,2,5,2490.746,3250.400
4096,prefix2,plain,192,8,3,5,2290.384,4674.600
4096,prefix2,plain,192,1,3,5,1443.807,1443.200
4096,prefix2,plain,192,2,3,5,2565.740,3351.800
4096,prefix2,plain,192,4,3,5,2083.923,3540.000
4096,prefix2,plain,192,1,4,5,1436.039,1437.200
4096,prefix2,plain,192,2,4,5,2626.101,3381.200
4096,prefix2,plain,192,4,4,5,2226.136,3716.800
4096,prefix2,plain,192,8,4,5,2300.828,4572.000
4096,prefix2,plain,256,1,0,5,1795.615,1796.600
4096,prefix2,plain,256,2,0,5,3139.002,4084.800
4096,prefix2,plain,256,4,0,5,2441.679,4369.000
4096,prefix2,plain,256,8,0,5,2471.846,5338.600
4096,prefix2,plain,256,2,1,5,3238.851,4215.400
4096,prefix2,plain,256,4,1,5,2856.894,4900.600
4096,prefix2,plain,256,8,1,5,3156.344,6118.800
4096,prefix2,plain,256,1,1,5,1809.685,1808.800
4096,prefix2,plain,256,4,2,5,3537.509,5512.200
4096,prefix2,plain,256,8,2,5,2970.394,5982.400
4096,prefix2,plain,256,1,2,5,1810.977,1807.200
4096,prefix2,plain,256,2,2,5,3069.393,4010.800
4096,prefix2,plain,256,8,3,5,2648.588,5536.400
4096,prefix2,plain,256,1,3,5,1798.261,1799.200
4096,prefix2,plain,256,2,3,5,3264.105,4234.600
4096,prefix2,plain,256,4,3,5,2658.204,4690.400
4096,prefix2,plain,256,1,4,5,1778.523,1779.400
4096,prefix2,plain,256,2,4,5,2870.264,3849.200
4096,prefix2,plain,256,4,4,5,2397.992,4275.000
4096,prefix2,plain,256,8,4,5,2520.001,5289.000
4096,prefix2,plain,384,1,0,5,2489.420,2490.200
4096,prefix2,plain,384,2,0,5,3449.245,4783.600
4096,prefix2,plain,384,4,0,5,2814.617,5334.800
4096,prefix2,plain,384,8,0,5,2806.719,6441.600
4096,prefix2,plain,384,2,1,5,3441.137,4789.400
4096,prefix2,plain,384,4,1,5,2961.726,5514.800
4096,prefix2,plain,384,8,1,5,2970.928,6645.800
4096,prefix2,plain,384,1,1,5,2495.757,2496.600
4096,prefix2,plain,384,4,2,5,3036.696,5415.000
4096,prefix2,plain,384,8,2,5,2978.843,6637.600
4096,prefix2,plain,384,1,2,5,2466.314,2467.200
4096,prefix2,plain,384,2,2,5,3328.678,4540.600
4096,prefix2,plain,384,8,3,5,2753.730,6426.200
4096,prefix2,plain,384,1,3,5,2484.326,2485.400
4096,prefix2,plain,384,2,3,5,3318.734,4596.000
4096,prefix2,plain,384,4,3,5,2838.120,5573.400
4096,prefix2,plain,384,1,4,5,2488.900,2489.400
4096,prefix2,plain,384,2,4,5,4046.132,5305.400
4096,prefix2,plain,384,4,4,5,2895.367,5315.400
4096,prefix2,plain,384,8,4,5,2806.159,6476.400
4096,prefix2,plain,512,1,0,5,3055.008,3056.000
4096,prefix2,plain,512,2,0,5,3490.344,4888.000
4096,prefix2,plain,512,4,0,5,3530.307,6551.400
4096,prefix2,plain,512,8,0,5,3038.072,7541.000
4096,prefix2,plain,512,2,1,5,4061.815,5689.600
4096,prefix2,plain,512,4,1,5,3287.559,6301.200
4096,prefix2,plain,512,8,1,5,2981.711,7252.200
4096,prefix2,plain,512,1,1,5,3064.298,3065.200
4096,prefix2,plain,512,4,2,5,3596.860,6981.400
4096,prefix2,plain,512,8,2,5,3162.985,7407.400
4096,prefix2,plain,512,1,2,5,3094.173,3095.400
4096,prefix2,plain,512,2,2,5,4580.626,6140.200
4096,prefix2,plain,512,8,3,5,3297.934,7427.800
4096,prefix2,plain,512,1,3,5,3020.827,3022.000
4096,prefix2,plain,512,2,3,5,4023.631,5572.600
4096,prefix2,plain,512,4,3,5,2998.845,5938.600
4096,prefix2,plain,512,1,4,5,3014.457,3015.200
4096,prefix2,plain,512,2,4,5,4156.502,5750.000
4096,prefix2,plain,512,4,4,5,3232.020,6251.800
4096,prefix2,plain,512,8,4,5,3081.143,7476.000
4096,prefix2,tracked,8,1,0,5,104.430,105.000
4096,prefix2,tracked,8,2,0,5,136.167,150.400
4096,prefix2,tracked,8,4,0,5,159.543,187.400
4096,prefix2,tracked,8,8,0,5,196.560,260.800
4096,prefix2,tracked,8,2,1,5,135.685,149.800
4096,prefix2,tracked,8,4,1,5,161.125,188.200
4096,prefix2,tracked,8,8,1,5,209.417,272.200
4096,prefix2,tracked,8,1,1,5,104.578,105.200
4096,prefix2,tracked,8,4,2,5,153.091,180.400
4096,prefix2,tracked,8,8,2,5,247.295,309.000
4096,prefix2,tracked,8,1,2,5,105.390,106.200
4096,prefix2,tracked,8,2,2,5,141.079,154.600
4096,prefix2,tracked,8,8,3,5,209.981,279.200
4096,prefix2,tracked,8,1,3,5,104.384,105.000
4096,prefix2,tracked,8,2,3,5,146.651,161.200
4096,prefix2,tracked,8,4,3,5,150.155,177.000
4096,prefix2,tracked,8,1,4,5,106.262,106.800
4096,prefix2,tracked,8,2,4,5,136.965,150.800
4096,prefix2,tracked,8,4,4,5,156.700,184.600
4096,prefix2,tracked,8,8,4,5,214.856,285.600
4096,prefix2,tracked,16,1,0,5,183.074,183.800
4096,prefix2,tracked,16,2,0,5,214.219,236.600
4096,prefix2,tracked,16,4,0,5,247.303,317.800
4096,prefix2,tracked,16,8,0,5,383.143,667.800
4096,prefix2,tracked,16,2,1,5,218.867,242.000
4096,prefix2,tracked,16,4,1,5,250.245,321.000
4096,prefix2,tracked,16,8,1,5,384.292,664.800
4096,prefix2,tracked,16,1,1,5,185.052,185.800
4096,prefix2,tracked,16,4,2,5,252.242,324.600
4096,prefix2,tracked,16,8,2,5,411.967,707.800
4096,prefix2,tracked,16,1,2,5,188.610,189.400
4096,prefix2,tracked,16,2,2,5,223.549,245.600
4096,prefix2,tracked,16,8,3,5,364.282,643.000
4096,prefix2,tracked,16,1,3,5,185.080,185.800
4096,prefix2,tracked,16,2,3,5,220.627,243.400
4096,prefix2,tracked,16,4,3,5,253.839,329.400
4096,prefix2,tracked,16,1,4,5,189.248,189.800
4096,prefix2,tracked,16,2,4,5,218.873,241.000
4096,prefix2,tracked,16,4,4,5,257.054,331.000
4096,prefix2,tracked,16,8,4,5,377.518,653.200
4096,prefix2,tracked,32,1,0,5,361.142,362.000
4096,prefix2,tracked,32,2,0,5,403.066,432.200
4096,prefix2,tracked,32,4,0,5,434.059,539.800
4096,prefix2,tracked,32,8,0,5,556.836,863.400
4096,prefix2,tracked,32,2,1,5,404.885,433.600
4096,prefix2,tracked,32,4,1,5,423.171,519.000
4096,prefix2,tracked,32,8,1,5,571.918,868.800
4096,prefix2,tracked,32,1,1,5,361.486,362.200
4096,prefix2,tracked,32,4,2,5,424.787,522.000
4096,prefix2,tracked,32,8,2,5,550.286,860.400
4096,prefix2,tracked,32,1,2,5,359.439,360.000
4096,prefix2,tracked,32,2,2,5,403.101,431.600
4096,prefix2,tracked,32,8,3,5,547.936,844.200
4096,prefix2,tracked,32,1,3,5,361.686,362.600
4096,prefix2,tracked,32,2,3,5,406.167,435.000
4096,prefix2,tracked,32,4,3,5,418.587,515.400
4096,prefix2,tracked,32,1,4,5,362.186,363.000
4096,prefix2,tracked,32,2,4,5,404.523,433.400
4096,prefix2,tracked,32,4,4,5,424.975,520.200
4096,prefix2,tracked,32,8,4,5,563.374,858.600
4096,prefix2,tracked,64,1,0,5,646.516,647.200
4096,prefix2,tracked,64,2,0,5,701.415,742.600
4096,prefix2,tracked,64,4,0,5,704.882,838.200
4096,prefix2,tracked,64,8,0,5,870.145,1209.400
4096,prefix2,tracked,64,2,1,5,703.149,744.800
4096,prefix2,tracked,64,4,1,5,720.146,847.200
4096,prefix2,tracked,64,8,1,5,942.132,1323.400
4096,prefix2,tracked,64,1,1,5,783.005,784.000
4096,prefix2,tracked,64,4,2,5,861.771,1029.000
4096,prefix2,tracked,64,8,2,5,1047.807,1464.800
4096,prefix2,tracked,64,1,2,5,662.351,663.200
4096,prefix2,tracked,64,2,2,5,713.017,755.800
4096,prefix2,tracked,64,8,3,5,1074.255,1498.600
4096,prefix2,tracked,64,1,3,5,928.322,929.600
4096,prefix2,tracked,64,2,3,5,933.328,993.000
4096,prefix2,tracked,64,4,3,5,734.394,888.800
4096,prefix2,tracked,64,1,4,5,650.980,651.600
4096,prefix2,tracked,64,2,4,5,708.016,748.800
4096,prefix2,tracked,64,4,4,5,721.966,865.800
4096,prefix2,tracked,64,8,4,5,1063.473,1471.200
4096,prefix2,tracked,80,1,0,5,752.830,753.600
4096,prefix2,tracked,80,2,0,5,808.242,874.600
4096,prefix2,tracked,80,4,0,5,856.295,1021.000
4096,prefix2,tracked,80,8,0,5,1002.476,1395.400
4096,prefix2,tracked,80,2,1,5,809.422,875.600
4096,prefix2,tracked,80,4,1,5,800.669,952.000
4096,prefix2,tracked,80,8,1,5,956.613,1359.000
4096,prefix2,tracked,80,1,1,5,767.822,768.600
4096,prefix2,tracked,80,4,2,5,823.060,960.000
4096,prefix2,tracked,80,8,2,5,936.092,1340.200
4096,prefix2,tracked,80,1,2,5,772.991,773.800
4096,prefix2,tracked,80,2,2,5,810.548,873.800
4096,prefix2,tracked,80,8,3,5,927.598,1368.800
4096,prefix2,tracked,80,1,3,5,768.822,769.800
4096,prefix2,tracked,80,2,3,5,803.118,868.600
4096,prefix2,tracked,80,4,3,5,805.823,957.600
4096,prefix2,tracked,80,1,4,5,769.385,770.400
4096,prefix2,tracked,80,2,4,5,811.218,875.200
4096,prefix2,tracked,80,4,4,5,803.656,950.200
4096,prefix2,tracked,80,8,4,5,931.990,1337.000
4096,prefix2,tracked,128,1,0,5,1108.390,1109.400
4096,prefix2,tracked,128,2,0,5,1178.667,1268.200
4096,prefix2,tracked,128,4,0,5,1130.796,1349.800
4096,prefix2,tracked,128,8,0,5,1350.587,1835.600
4096,prefix2,tracked,128,2,1,5,1182.562,1274.000
4096,prefix2,tracked,128,4,1,5,1171.793,1423.400
4096,prefix2,tracked,128,8,1,5,1321.335,1785.400
4096,prefix2,tracked,128,1,1,5,1127.602,1128.400
4096,prefix2,tracked,128,4,2,5,1183.850,1436.200
4096,prefix2,tracked,128,8,2,5,1380.626,1905.800
4096,prefix2,tracked,128,1,2,5,1149.699,1150.600
4096,prefix2,tracked,128,2,2,5,1321.219,1416.200
4096,prefix2,tracked,128,8,3,5,1329.203,1858.400
4096,prefix2,tracked,128,1,3,5,1145.033,1145.800
4096,prefix2,tracked,128,2,3,5,1210.830,1305.000
4096,prefix2,tracked,128,4,3,5,1326.331,1575.200
4096,prefix2,tracked,128,1,4,5,1447.933,1449.200
4096,prefix2,tracked,128,2,4,5,1210.370,1301.000
4096,prefix2,tracked,128,4,4,5,1213.924,1447.000
4096,prefix2,tracked,128,8,4,5,1428.675,1987.000
4096,prefix2,tracked,192,1,0,5,1609.043,1609.600
4096,prefix2,tracked,192,2,0,5,1672.460,1824.400
4096,prefix2,tracked,192,4,0,5,1631.619,1975.200
4096,prefix2,tracked,192,8,0,5,2171.887,2833.000
4096,prefix2,tracked,192,2,1,5,1781.139,1942.200
4096,prefix2,tracked,192,4,1,5,1624.435,1968.200
4096,prefix2,tracked,192,8,1,5,1769.322,2395.600
4096,prefix2,tracked,192,1,1,5,1588.008,1589.200
4096,prefix2,tracked,192,4,2,5,1586.542,1900.000
4096,prefix2,tracked,192,8,2,5,1735.880,2404.200
4096,prefix2,tracked,192,1,2,5,1591.924,1593.200
4096,prefix2,tracked,192,2,2,5,1617.577,1764.800
4096,prefix2,tracked,192,8,3,5,1762.706,2448.800
4096,prefix2,tracked,192,1,3,5,1609.079,1609.800
4096,prefix2,tracked,192,2,3,5,1610.859,1752.400
4096,prefix2,tracked,192,4,3,5,1605.825,1915.800
4096,prefix2,tracked,192,1,4,5,1620.055,1621.400
4096,prefix2,tracked,192,2,4,5,1645.298,1792.000
4096,prefix2,tracked,192,4,4,5,1606.507,1910.400
4096,prefix2,tracked,192,8,4,5,1737.672,2368.000
4096,prefix2,tracked,256,1,0,5,1956.931,1957.800
4096,prefix2,tracked,256,2,0,5,2049.914,2240.200
4096,prefix2,tracked,256,4,0,5,2046.708,2494.600
4096,prefix2,tracked,256,8,0,5,2033.878,2709.200
4096,prefix2,tracked,256,2,1,5,1986.229,2175.600
4096,prefix2,tracked,256,4,1,5,1930.576,2311.200
4096,prefix2,tracked,256,8,1,5,2039.914,2770.200
4096,prefix2,tracked,256,1,1,5,1963.737,1964.800
4096,prefix2,tracked,256,4,2,5,1967.568,2360.600
4096,prefix2,tracked,256,8,2,5,2011.811,2691.800
4096,prefix2,tracked,256,1,2,5,1969.041,1970.000
4096,prefix2,tracked,256,2,2,5,2035.838,2231.800
4096,prefix2,tracked,256,8,3,5,2027.628,2783.400
4096,prefix2,tracked,256,1,3,5,1958.778,1959.400
4096,prefix2,tracked,256,2,3,5,1888.513,2053.600
4096,prefix2,tracked,256,4,3,5,1971.223,2361.600
4096,prefix2,tracked,256,1,4,5,1947.696,1948.600
4096,prefix2,tracked,256,2,4,5,1959.680,2140.400
4096,prefix2,tracked,256,4,4,5,1939.006,2309.800
4096,prefix2,tracked,256,8,4,5,2289.506,3083.600
4096,prefix2,tracked,384,1,0,5,2717.239,2717.800
4096,prefix2,tracked,384,2,0,5,2819.289,3112.600
4096,prefix2,tracked,384,4,0,5,2654.331,3268.400
4096,prefix2,tracked,384,8,0,5,2783.854,3805.600
4096,prefix2,tracked,384,2,1,5,2770.664,3059.800
4096,prefix2,tracked,384,4,1,5,2592.366,3159.200
4096,prefix2,tracked,384,8,1,5,2717.881,3718.400
4096,prefix2,tracked,384,1,1,5,2686.568,2687.600
4096,prefix2,tracked,384,4,2,5,2635.045,3218.400
4096,prefix2,tracked,384,8,2,5,2797.266,3811.000
4096,prefix2,tracked,384,1,2,5,2695.481,2696.400
4096,prefix2,tracked,384,2,2,5,2853.910,3128.800
4096,prefix2,tracked,384,8,3,5,2784.736,3824.200
4096,prefix2,tracked,384,1,3,5,2664.616,2665.600
4096,prefix2,tracked,384,2,3,5,2723.279,3024.400
4096,prefix2,tracked,384,4,3,5,2650.747,3285.600
4096,prefix2,tracked,384,1,4,5,2689.336,2690.000
4096,prefix2,tracked,384,2,4,5,2719.451,3006.000
4096,prefix2,tracked,384,4,4,5,2643.111,3223.600
4096,prefix2,tracked,384,8,4,5,2712.239,3666.200
4096,prefix2,tracked,512,1,0,5,3288.417,3289.600
4096,prefix2,tracked,512,2,0,5,3450.381,3812.400
4096,prefix2,tracked,512,4,0,5,3123.533,3896.400
4096,prefix2,tracked,512,8,0,5,3182.927,4405.200
4096,prefix2,tracked,512,2,1,5,3318.802,3684.800
4096,prefix2,tracked,512,4,1,5,3095.383,3814.200
4096,prefix2,tracked,512,8,1,5,3157.464,4455.000
4096,prefix2,tracked,512,1,1,5,3280.209,3279.800
4096,prefix2,tracked,512,4,2,5,3269.559,4114.800
4096,prefix2,tracked,512,8,2,5,3179.315,4403.000
4096,prefix2,tracked,512,1,2,5,3290.087,3290.800
4096,prefix2,tracked,512,2,2,5,3431.290,3791.400
4096,prefix2,tracked,512,8,3,5,3272.851,4647.800
4096,prefix2,tracked,512,1,3,5,3281.777,3283.000
4096,prefix2,tracked,512,2,3,5,3388.987,3770.400
4096,prefix2,tracked,512,4,3,5,3213.734,3962.000
4096,prefix2,tracked,512,1,4,5,3279.855,3280.800
4096,prefix2,tracked,512,2,4,5,3403.142,3774.600
4096,prefix2,tracked,512,4,4,5,3268.849,4039.600
4096,prefix2,tracked,512,8,4,5,3267.369,4489.000
4096,prefix16,plain,8,1,0,5,96.472,97.000
4096,prefix16,plain,8,2,0,5,1237.819,1314.400
4096,prefix16,plain,8,4,0,5,1326.459,1522.400
4096,prefix16,plain,8,8,0,5,1439.113,1759.000
4096,prefix16,plain,8,2,1,5,1242.751,1321.800
4096,prefix16,plain,8,4,1,5,1321.677,1511.800
4096,prefix16,plain,8,8,1,5,1451.651,1759.000
4096,prefix16,plain,8,1,1,5,97.810,98.400
4096,prefix16,plain,8,4,2,5,1334.667,1504.400
4096,prefix16,plain,8,8,2,5,1443.725,1769.800
4096,prefix16,plain,8,1,2,5,97.844,98.600
4096,prefix16,plain,8,2,2,5,1245.051,1322.800
4096,prefix16,plain,8,8,3,5,1426.239,1755.400
4096,prefix16,plain,8,1,3,5,99.086,99.600
4096,prefix16,plain,8,2,3,5,1255.821,1333.200
4096,prefix16,plain,8,4,3,5,1330.405,1525.600
4096,prefix16,plain,8,1,4,5,102.932,103.600
4096,prefix16,plain,8,2,4,5,1257.159,1333.000
4096,prefix16,plain,8,4,4,5,1324.745,1497.000
4096,prefix16,plain,8,8,4,5,1457.436,1784.600
4096,prefix16,plain,16,1,0,5,168.064,168.600
4096,prefix16,plain,16,2,0,5,1339.461,1433.400
4096,prefix16,plain,16,4,0,5,1398.352,1667.800
4096,prefix16,plain,16,8,0,5,1603.190,2369.200
4096,prefix16,plain,16,2,1,5,1341.913,1434.400
4096,prefix16,plain,16,4,1,5,1406.308,1684.400
4096,prefix16,plain,16,8,1,5,1610.869,2311.600
4096,prefix16,plain,16,1,1,5,165.204,165.800
4096,prefix16,plain,16,4,2,5,1382.180,1634.800
4096,prefix16,plain,16,8,2,5,1598.129,2351.400
4096,prefix16,plain,16,1,2,5,166.338,167.200
4096,prefix16,plain,16,2,2,5,1346.091,1438.000
4096,prefix16,plain,16,8,3,5,1597.097,2398.800
4096,prefix16,plain,16,1,3,5,164.856,165.200
4096,prefix16,plain,16,2,3,5,1334.603,1428.400
4096,prefix16,plain,16,4,3,5,1349.353,1601.200
4096,prefix16,plain,16,1,4,5,167.840,168.600
4096,prefix16,plain,16,2,4,5,1333.443,1425.600
4096,prefix16,plain,16,4,4,5,1417.417,1701.200
4096,prefix16,plain,16,8,4,5,1597.625,2330.200
4096,prefix16,plain,32,1,0,5,319.311,320.000
4096,prefix16,plain,32,2,0,5,1453.730,1651.000
4096,prefix16,plain,32,4,0,5,1440.119,1869.000
4096,prefix16,plain,32,8,0,5,1657.892,2661.600
4096,prefix16,plain,32,2,1,5,1459.891,1661.600
4096,prefix16,plain,32,4,1,5,1419.343,1842.400
4096,prefix16,plain,32,8,1,5,1692.590,2633.800
4096,prefix16,plain,32,1,1,5,320.011,320.600
4096,prefix16,plain,32,4,2,5,1459.602,1875.000
4096,prefix16,plain,32,8,2,5,1901.087,2940.400
4096,prefix16,plain,32,1,2,5,323.407,323.800
4096,prefix16,plain,32,2,2,5,1456.427,1658.000
4096,prefix16,plain,32,8,3,5,1702.987,2668.600
4096,prefix16,plain,32,1,3,5,318.943,319.800
4096,prefix16,plain,32,2,3,5,1514.783,1713.200
4096,prefix16,plain,32,4,3,5,1449.441,1921.200
4096,prefix16,plain,32,1,4,5,315.891,316.800
4096,prefix16,plain,32,2,4,5,1460.591,1653.200
4096,prefix16,plain,32,4,4,5,1456.657,1915.200
4096,prefix16,plain,32,8,4,5,1744.160,2708.800
4096,prefix16,plain,64,1,0,5,555.800,556.800
4096,prefix16,plain,64,2,0,5,1680.452,2029.600
4096,prefix16,plain,64,4,0,5,1587.230,2295.600
4096,prefix16,plain,64,8,0,5,2169.183,3536.800
4096,prefix16,plain,64,2,1,5,2229.360,2669.800
4096,prefix16,plain,64,4,1,5,1738.336,2488.800
4096,prefix16,plain,64,8,1,5,1977.987,3274.600
4096,prefix16,plain,64,1,1,5,570.042,570.800
4096,prefix16,plain,64,4,2,5,1817.835,2588.000
4096,prefix16,plain,64,8,2,5,2358.453,3716.000
4096,prefix16,plain,64,1,2,5,553.882,554.800
4096,prefix16,plain,64,2,2,5,1788.585,2141.400
4096,prefix16,plain,64,8,3,5,1934.090,3412.200
4096,prefix16,plain,64,1,3,5,561.022,561.800
4096,prefix16,plain,64,2,3,5,1680.396,2039.200
4096,prefix16,plain,64,4,3,5,1578.188,2296.600
4096,prefix16,plain,64,1,4,5,566.516,567.400
4096,prefix16,plain,64,2,4,5,1669.972,2018.600
4096,prefix16,plain,64,4,4,5,1569.062,2283.400
4096,prefix16,plain,64,8,4,5,1839.066,3224.200
4096,prefix16,plain,80,1,0,5,679.134,679.800
4096,prefix16,plain,80,2,0,5,1783.215,2191.400
4096,prefix16,plain,80,4,0,5,1658.988,2406.200
4096,prefix16,plain,80,8,0,5,2082.591,3568.400
4096,prefix16,plain,80,2,1,5,1784.446,2188.600
4096,prefix16,plain,80,4,1,5,1722.243,2522.800
4096,prefix16,plain,80,8,1,5,1953.146,3366.000
4096,prefix16,plain,80,1,1,5,690.273,691.000
4096,prefix16,plain,80,4,2,5,1733.150,2534.400
4096,prefix16,plain,80,8,2,5,1960.368,3362.400
4096,prefix16,plain,80,1,2,5,687.793,688.600
4096,prefix16,plain,80,2,2,5,1798.863,2207.400
4096,prefix16,plain,80,8,3,5,1991.327,3420.200
4096,prefix16,plain,80,1,3,5,691.849,692.800
4096,prefix16,plain,80,2,3,5,1825.418,2236.800
4096,prefix16,plain,80,4,3,5,1751.976,2566.600
4096,prefix16,plain,80,1,4,5,681.437,682.000
4096,prefix16,plain,80,2,4,5,1786.227,2192.400
4096,prefix16,plain,80,4,4,5,1717.437,2524.800
4096,prefix16,plain,80,8,4,5,2110.428,3531.200
4096,prefix16,plain,128,1,0,5,1012.168,1013.000
4096,prefix16,plain,128,2,0,5,2006.297,2641.200
4096,prefix16,plain,128,4,0,5,1815.403,2865.800
4096,prefix16,plain,128,8,0,5,2690.270,4582.400
4096,prefix16,plain,128,2,1,5,2123.586,2767.800
4096,prefix16,plain,128,4,1,5,1885.997,3072.200
4096,prefix16,plain,128,8,1,5,2292.489,4141.000
4096,prefix16,plain,128,1,1,5,1026.628,1027.200
4096,prefix16,plain,128,4,2,5,1904.449,2945.600
4096,prefix16,plain,128,8,2,5,1985.561,3870.600
4096,prefix16,plain,128,1,2,5,1020.396,1021.400
4096,prefix16,plain,128,2,2,5,2078.889,2734.600
4096,prefix16,plain,128,8,3,5,2103.206,3878.600
4096,prefix16,plain,128,1,3,5,1026.820,1027.400
4096,prefix16,plain,128,2,3,5,2030.828,2660.400
4096,prefix16,plain,128,4,3,5,1963.542,3058.400
4096,prefix16,plain,128,1,4,5,1016.858,1017.400
4096,prefix16,plain,128,2,4,5,2031.294,2672.800
4096,prefix16,plain,128,4,4,5,1844.968,2930.400
4096,prefix16,plain,128,8,4,5,2122.584,3980.600
4096,prefix16,plain,192,1,0,5,1409.428,1410.200
4096,prefix16,plain,192,2,0,5,2503.092,3342.200
4096,prefix16,plain,192,4,0,5,2056.116,3446.800
4096,prefix16,plain,192,8,0,5,2262.913,4574.400
4096,prefix16,plain,192,2,1,5,2397.226,3244.000
4096,prefix16,plain,192,4,1,5,2087.081,3486.200
4096,prefix16,plain,192,8,1,5,2453.423,4779.200
4096,prefix16,plain,192,1,1,5,1421.377,1421.400
4096,prefix16,plain,192,4,2,5,2062.373,3457.200
4096,prefix16,plain,192,8,2,5,2412.372,4713.800
4096,prefix16,plain,192,1,2,5,1419.267,1420.200
4096,prefix16,plain,192,2,2,5,2425.348,3262.800
4096,prefix16,plain,192,8,3,5,2446.303,4906.400
4096,prefix16,plain,192,1,3,5,1422.509,1422.000
4096,prefix16,plain,192,2,3,5,2323.450,3153.600
4096,prefix16,plain,192,4,3,5,2091.573,3470.800
4096,prefix16,plain,192,1,4,5,1408.976,1409.600
4096,prefix16,plain,192,2,4,5,2374.183,3207.400
4096,prefix16,plain,192,4,4,5,2115.396,3530.600
4096,prefix16,plain,192,8,4,5,2286.820,4687.400
4096,prefix16,plain,256,1,0,5,1815.103,1816.000
4096,prefix16,plain,256,2,0,5,2696.034,3755.800
4096,prefix16,plain,256,4,0,5,2355.187,4181.400
4096,prefix16,plain,256,8,0,5,2433.518,5224.800
4096,prefix16,plain,256,2,1,5,2695.534,3775.400
4096,prefix16,plain,256,4,1,5,2230.282,4030.200
4096,prefix16,plain,256,8,1,5,2351.169,5289.200
4096,prefix16,plain,256,1,1,5,1792.681,1792.200
4096,prefix16,plain,256,4,2,5,2236.004,4048.800
4096,prefix16,plain,256,8,2,5,2518.654,5302.800
4096,prefix16,plain,256,1,2,5,1777.204,1778.000
4096,prefix16,plain,256,2,2,5,2715.363,3777.400
4096,prefix16,plain,256,8,3,5,2441.580,5336.600
4096,prefix16,plain,256,1,3,5,1801.055,1802.200
4096,prefix16,plain,256,2,3,5,2739.007,3799.600
4096,prefix16,plain,256,4,3,5,2369.629,4243.600
4096,prefix16,plain,256,1,4,5,1777.664,1778.600
4096,prefix16,plain,256,2,4,5,2859.250,3906.400
4096,prefix16,plain,256,4,4,5,2323.826,4195.600
4096,prefix16,plain,256,8,4,5,2518.243,5229.200
4096,prefix16,plain,384,1,0,5,2474.731,2475.800
4096,prefix16,plain,384,2,0,5,3366.601,4791.000
4096,prefix16,plain,384,4,0,5,2678.806,5005.200
4096,prefix16,plain,384,8,0,5,2854.128,6297.600
4096,prefix16,plain,384,2,1,5,3281.479,4707.000
4096,prefix16,plain,384,4,1,5,2929.743,5332.000
4096,prefix16,plain,384,8,1,5,2778.418,6428.600
4096,prefix16,plain,384,1,1,5,2443.347,2444.200
4096,prefix16,plain,384,4,2,5,2824.797,5241.000
4096,prefix16,plain,384,8,2,5,2817.467,6313.200
4096,prefix16,plain,384,1,2,5,2443.597,2444.600
4096,prefix16,plain,384,2,2,5,3313.405,4750.600
4096,prefix16,plain,384,8,3,5,2806.220,6549.000
4096,prefix16,plain,384,1,3,5,2446.699,2447.600
4096,prefix16,plain,384,2,3,5,3477.663,4888.600
4096,prefix16,plain,384,4,3,5,2762.878,5221.600
4096,prefix16,plain,384,1,4,5,2407.326,2408.200
4096,prefix16,plain,384,2,4,5,3365.459,4733.000
4096,prefix16,plain,384,4,4,5,2713.171,5030.800
4096,prefix16,plain,384,8,4,5,2877.718,6477.600
4096,prefix16,plain,512,1,0,5,3080.925,3082.200
4096,prefix16,plain,512,2,0,5,4047.393,5691.400
4096,prefix16,plain,512,4,0,5,3028.935,5993.000
4096,prefix16,plain,512,8,0,5,3191.261,7527.600
4096,prefix16,plain,512,2,1,5,3991.830,5647.800
4096,prefix16,plain,512,4,1,5,3106.953,6159.600
4096,prefix16,plain,512,8,1,5,3101.081,7628.800
4096,prefix16,plain,512,1,1,5,3075.151,3076.200
4096,prefix16,plain,512,4,2,5,3089.801,6089.800
4096,prefix16,plain,512,8,2,5,3271.695,7568.800
4096,prefix16,plain,512,1,2,5,3035.174,3034.400
4096,prefix16,plain,512,2,2,5,3983.080,5632.400
4096,prefix16,plain,512,8,3,5,3047.528,7454.400
4096,prefix16,plain,512,1,3,5,3003.511,3004.600
4096,prefix16,plain,512,2,3,5,4132.231,5765.200
4096,prefix16,plain,512,4,3,5,3170.010,6134.800
4096,prefix16,plain,512,1,4,5,3010.373,3011.000
4096,prefix16,plain,512,2,4,5,4257.394,5880.600
4096,prefix16,plain,512,4,4,5,3217.327,6484.800
4096,prefix16,plain,512,8,4,5,3128.242,7172.000
4096,prefix16,tracked,8,1,0,5,111.419,112.000
4096,prefix16,tracked,8,2,0,5,153.935,165.400
4096,prefix16,tracked,8,4,0,5,198.396,266.400
4096,prefix16,tracked,8,8,0,5,270.892,396.800
4096,prefix16,tracked,8,2,1,5,147.599,159.000
4096,prefix16,tracked,8,4,1,5,193.470,256.600
4096,prefix16,tracked,8,8,1,5,275.844,391.000
4096,prefix16,tracked,8,1,1,5,111.098,111.400
4096,prefix16,tracked,8,4,2,5,203.740,277.800
4096,prefix16,tracked,8,8,2,5,257.978,382.600
4096,prefix16,tracked,8,1,2,5,110.988,111.600
4096,prefix16,tracked,8,2,2,5,152.555,164.000
4096,prefix16,tracked,8,8,3,5,258.909,375.400
4096,prefix16,tracked,8,1,3,5,111.917,112.800
4096,prefix16,tracked,8,2,3,5,159.405,171.400
4096,prefix16,tracked,8,4,3,5,197.796,264.200
4096,prefix16,tracked,8,1,4,5,113.802,114.400
4096,prefix16,tracked,8,2,4,5,154.177,165.800
4096,prefix16,tracked,8,4,4,5,194.080,259.600
4096,prefix16,tracked,8,8,4,5,271.310,388.800
4096,prefix16,tracked,16,1,0,5,187.120,187.600
4096,prefix16,tracked,16,2,0,5,230.355,244.800
4096,prefix16,tracked,16,4,0,5,366.582,445.600
4096,prefix16,tracked,16,8,0,5,447.563,730.800
4096,prefix16,tracked,16,2,1,5,234.913,250.000
4096,prefix16,tracked,16,4,1,5,269.136,350.400
4096,prefix16,tracked,16,8,1,5,400.607,702.400
4096,prefix16,tracked,16,1,1,5,189.264,190.200
4096,prefix16,tracked,16,4,2,5,277.128,366.200
4096,prefix16,tracked,16,8,2,5,409.293,714.600
4096,prefix16,tracked,16,1,2,5,187.808,188.600
4096,prefix16,tracked,16,2,2,5,240.277,254.400
4096,prefix16,tracked,16,8,3,5,392.499,670.000
4096,prefix16,tracked,16,1,3,5,186.694,187.600
4096,prefix16,tracked,16,2,3,5,239.089,253.600
4096,prefix16,tracked,16,4,3,5,269.730,352.400
4096,prefix16,tracked,16,1,4,5,187.086,187.400
4096,prefix16,tracked,16,2,4,5,232.885,247.800
4096,prefix16,tracked,16,4,4,5,266.494,342.600
4096,prefix16,tracked,16,8,4,5,413.875,679.800
4096,prefix16,tracked,32,1,0,5,358.434,359.200
4096,prefix16,tracked,32,2,0,5,405.803,434.800
4096,prefix16,tracked,32,4,0,5,440.646,547.800
4096,prefix16,tracked,32,8,0,5,583.253,875.000
4096,prefix16,tracked,32,2,1,5,408.303,437.400
4096,prefix16,tracked,32,4,1,5,431.657,535.600
4096,prefix16,tracked,32,8,1,5,567.192,864.600
4096,prefix16,tracked,32,1,1,5,365.174,366.000
4096,prefix16,tracked,32,4,2,5,434.889,529.000
4096,prefix16,tracked,32,8,2,5,565.062,933.400
4096,prefix16,tracked,32,1,2,5,365.748,366.600
4096,prefix16,tracked,32,2,2,5,410.877,439.800
4096,prefix16,tracked,32,8,3,5,566.010,887.800
4096,prefix16,tracked,32,1,3,5,360.894,361.400
4096,prefix16,tracked,32,2,3,5,408.433,438.600
4096,prefix16,tracked,32,4,3,5,427.743,516.200
4096,prefix16,tracked,32,1,4,5,381.294,382.000
4096,prefix16,tracked,32,2,4,5,410.257,441.200
4096,prefix16,tracked,32,4,4,5,428.419,520.400
4096,prefix16,tracked,32,8,4,5,563.378,905.600
4096,prefix16,tracked,64,1,0,5,629.609,627.400
4096,prefix16,tracked,64,2,0,5,653.416,715.200
4096,prefix16,tracked,64,4,0,5,712.787,862.800
4096,prefix16,tracked,64,8,0,5,806.536,1200.200
4096,prefix16,tracked,64,2,1,5,660.194,723.800
4096,prefix16,tracked,64,4,1,5,694.267,816.800
4096,prefix16,tracked,64,8,1,5,816.358,1195.000
4096,prefix16,tracked,64,1,1,5,627.745,626.200
4096,prefix16,tracked,64,4,2,5,692.003,832.000
4096,prefix16,tracked,64,8,2,5,802.495,1164.200
4096,prefix16,tracked,64,1,2,5,623.299,623.800
4096,prefix16,tracked,64,2,2,5,685.473,748.000
4096,prefix16,tracked,64,8,3,5,804.627,1164.600
4096,prefix16,tracked,64,1,3,5,634.375,632.400
4096,prefix16,tracked,64,2,3,5,669.744,729.800
4096,prefix16,tracked,64,4,3,5,706.031,852.000
4096,prefix16,tracked,64,1,4,5,628.358,629.000
4096,prefix16,tracked,64,2,4,5,664.436,729.400
4096,prefix16,tracked,64,4,4,5,689.237,824.600
4096,prefix16,tracked,64,8,4,5,810.343,1218.400
4096,prefix16,tracked,80,1,0,5,783.323,784.000
4096,prefix16,tracked,80,2,0,5,822.950,896.200
4096,prefix16,tracked,80,4,0,5,829.812,1002.800
4096,prefix16,tracked,80,8,0,5,968.841,1406.600
4096,prefix16,tracked,80,2,1,5,807.044,879.600
4096,prefix16,tracked,80,4,1,5,864.922,1034.800
4096,prefix16,tracked,80,8,1,5,957.861,1356.400
4096,prefix16,tracked,80,1,1,5,769.763,770.600
4096,prefix16,tracked,80,4,2,5,831.226,989.800
4096,prefix16,tracked,80,8,2,5,965.247,1365.800
4096,prefix16,tracked,80,1,2,5,780.957,781.600
4096,prefix16,tracked,80,2,2,5,832.628,914.000
4096,prefix16,tracked,80,8,3,5,980.835,1360.400
4096,prefix16,tracked,80,1,3,5,775.219,776.000
4096,prefix16,tracked,80,2,3,5,813.474,887.600
4096,prefix16,tracked,80,4,3,5,819.978,974.600
4096,prefix16,tracked,80,1,4,5,768.744,769.600
4096,prefix16,tracked,80,2,4,5,832.238,909.800
4096,prefix16,tracked,80,4,4,5,844.070,1018.400
4096,prefix16,tracked,80,8,4,5,948.184,1400.400
4096,prefix16,tracked,128,1,0,5,1170.043,1169.800
4096,prefix16,tracked,128,2,0,5,1181.237,1299.000
4096,prefix16,tracked,128,4,0,5,1175.659,1415.400
4096,prefix16,tracked,128,8,0,5,1326.763,1804.200
4096,prefix16,tracked,128,2,1,5,1166.829,1290.200
4096,prefix16,tracked,128,4,1,5,1143.085,1368.400
4096,prefix16,tracked,128,8,1,5,1296.526,1849.400
4096,prefix16,tracked,128,1,1,5,1129.518,1130.200
4096,prefix16,tracked,128,4,2,5,1202.696,1443.800
4096,prefix16,tracked,128,8,2,5,1301.678,1754.000
4096,prefix16,tracked,128,1,2,5,1144.075,1144.000
4096,prefix16,tracked,128,2,2,5,1168.914,1291.400
4096,prefix16,tracked,128,8,3,5,1281.582,1804.600
4096,prefix16,tracked,128,1,3,5,1150.023,1150.800
4096,prefix16,tracked,128,2,3,5,1172.408,1300.000
4096,prefix16,tracked,128,4,3,5,1165.639,1391.400
4096,prefix16,tracked,128,1,4,5,1148.207,1149.200
4096,prefix16,tracked,128,2,4,5,1180.807,1305.000
4096,prefix16,tracked,128,4,4,5,1138.345,1373.400
4096,prefix16,tracked,128,8,4,5,1272.355,1800.000
4096,prefix16,tracked,192,1,0,5,1537.071,1538.000
4096,prefix16,tracked,192,2,0,5,1571.874,1738.200
4096,prefix16,tracked,192,4,0,5,1607.181,1874.000
4096,prefix16,tracked,192,8,0,5,1751.948,2391.400
4096,prefix16,tracked,192,2,1,5,1573.522,1750.800
4096,prefix16,tracked,192,4,1,5,1574.272,1911.200
4096,prefix16,tracked,192,8,1,5,1776.118,2430.600
4096,prefix16,tracked,192,1,1,5,1548.171,1548.800
4096,prefix16,tracked,192,4,2,5,1590.312,1911.400
4096,prefix16,tracked,192,8,2,5,1664.388,2325.400
4096,prefix16,tracked,192,1,2,5,1566.276,1567.200
4096,prefix16,tracked,192,2,2,5,1616.039,1794.400
4096,prefix16,tracked,192,8,3,5,1812.971,2462.800
4096,prefix16,tracked,192,1,3,5,1542.305,1543.400
4096,prefix16,tracked,192,2,3,5,1592.024,1767.600
4096,prefix16,tracked,192,4,3,5,1574.688,1925.800
4096,prefix16,tracked,192,1,4,5,1530.935,1531.600
4096,prefix16,tracked,192,2,4,5,1569.878,1743.600
4096,prefix16,tracked,192,4,4,5,1551.626,1907.600
4096,prefix16,tracked,192,8,4,5,1705.833,2329.400
4096,prefix16,tracked,256,1,0,5,1940.732,1941.400
4096,prefix16,tracked,256,2,0,5,1970.096,2198.400
4096,prefix16,tracked,256,4,0,5,1899.699,2315.800
4096,prefix16,tracked,256,8,0,5,2053.612,2811.400
4096,prefix16,tracked,256,2,1,5,1972.759,2202.600
4096,prefix16,tracked,256,4,1,5,1927.387,2332.600
4096,prefix16,tracked,256,8,1,5,2019.915,2786.800
4096,prefix16,tracked,256,1,1,5,1935.611,1934.400
4096,prefix16,tracked,256,4,2,5,1931.846,2351.400
4096,prefix16,tracked,256,8,2,5,2051.370,2743.400
4096,prefix16,tracked,256,1,2,5,1946.700,1947.200
4096,prefix16,tracked,256,2,2,5,1956.774,2186.600
4096,prefix16,tracked,256,8,3,5,2024.004,2809.600
4096,prefix16,tracked,256,1,3,5,1946.878,1947.800
4096,prefix16,tracked,256,2,3,5,1940.996,2159.800
4096,prefix16,tracked,256,4,3,5,1885.427,2276.800
4096,prefix16,tracked,256,1,4,5,1950.352,1951.000
4096,prefix16,tracked,256,2,4,5,1970.856,2193.400
4096,prefix16,tracked,256,4,4,5,1899.467,2324.800
4096,prefix16,tracked,256,8,4,5,2079.025,2865.400
4096,prefix16,tracked,384,1,0,5,2637.763,2638.800
4096,prefix16,tracked,384,2,0,5,2651.453,2976.400
4096,prefix16,tracked,384,4,0,5,2552.775,3173.400
4096,prefix16,tracked,384,8,0,5,2646.411,3526.600
4096,prefix16,tracked,384,2,1,5,2643.450,2971.400
4096,prefix16,tracked,384,4,1,5,2503.844,3063.000
4096,prefix16,tracked,384,8,1,5,2678.334,3653.200
4096,prefix16,tracked,384,1,1,5,2632.420,2633.200
4096,prefix16,tracked,384,4,2,5,2521.744,3085.800
4096,prefix16,tracked,384,8,2,5,2674.141,3603.400
4096,prefix16,tracked,384,1,2,5,2617.845,2619.000
4096,prefix16,tracked,384,2,2,5,2659.769,2983.600
4096,prefix16,tracked,384,8,3,5,2646.563,3670.200
4096,prefix16,tracked,384,1,3,5,2684.354,2685.200
4096,prefix16,tracked,384,2,3,5,2774.640,3086.800
4096,prefix16,tracked,384,4,3,5,2513.742,3093.800
4096,prefix16,tracked,384,1,4,5,2617.873,2618.600
4096,prefix16,tracked,384,2,4,5,2698.952,3021.600
4096,prefix16,tracked,384,4,4,5,2569.235,3178.000
4096,prefix16,tracked,384,8,4,5,2677.206,3614.800
4096,prefix16,tracked,512,1,0,5,3275.018,3275.600
4096,prefix16,tracked,512,2,0,5,3286.907,3655.000
4096,prefix16,tracked,512,4,0,5,3166.904,3878.800
4096,prefix16,tracked,512,8,0,5,3242.050,4556.800
4096,prefix16,tracked,512,2,1,5,3317.067,3728.600
4096,prefix16,tracked,512,4,1,5,3143.914,3885.600
4096,prefix16,tracked,512,8,1,5,3238.084,4453.000
4096,prefix16,tracked,512,1,1,5,3286.431,3287.400
4096,prefix16,tracked,512,4,2,5,3207.399,4030.200
4096,prefix16,tracked,512,8,2,5,3249.274,4482.400
4096,prefix16,tracked,512,1,2,5,3319.483,3320.600
4096,prefix16,tracked,512,2,2,5,3427.610,3820.000
4096,prefix16,tracked,512,8,3,5,3253.382,4569.000
4096,prefix16,tracked,512,1,3,5,3320.526,3321.200
4096,prefix16,tracked,512,2,3,5,3385.719,3783.200
4096,prefix16,tracked,512,4,3,5,3244.072,4017.800
4096,prefix16,tracked,512,1,4,5,3329.980,3329.600
4096,prefix16,tracked,512,2,4,5,3341.920,3748.200
4096,prefix16,tracked,512,4,4,5,3184.592,3974.000
4096,prefix16,tracked,512,8,4,5,3267.784,4509.200
